Title ,PMID,Point,MNCS,Rank,Percent,Year,Journal
The contribution of diffusion-weighted MR imaging to distinguishing typical from atypical meningioma,16786348,4657,2.789699571,329,94%,2006,NEURORADIOLOGY
MRI growth patterns of plexiform neurofibromas in patients with neurofibromatosis type 1,16432718,4668,2.789699571,329,94%,2006,NEURORADIOLOGY
Gender-specific cerebral activation during cognitive tasks using functional MRI: comparison of women,16328492,4683,2.789699571,329,94%,2006,NEURORADIOLOGY
The emerging role of multidetector row CT angiography in the diagnosis of cervical arterial dissecti,16752137,4687,2.789699571,329,94%,2006,NEURORADIOLOGY
Association between neurovascular contact on MRI and response to gamma knife radiosurgery in trigemi,16237547,4692,2.789699571,329,94%,2006,NEURORADIOLOGY
Posterior reversible encephalopathy syndrome after solid organ transplantation,18272559,1045,2.783171521,335,94%,2008,AMERICAN JOURNAL OF NEURORADIOLOGY
The role of DTI in early detection of cervical spondylotic myelopathy: a preliminary study with 3-T,21344215,5306,2.780352178,336,94%,2011,NEURORADIOLOGY
Axial diffusivity is increased in the degenerating superior cerebellar peduncles of Friedreich's ata,21128070,5308,2.780352178,336,94%,2011,NEURORADIOLOGY
Initial experience with the Penumbra Stroke System for recanalization of large vessel occlusions in,20532495,5316,2.780352178,336,94%,2011,NEURORADIOLOGY
Intracranial angioplasty and stenting: Long-term results from a single center,17032860,423,2.777777778,339,94%,2006,AMERICAN JOURNAL OF NEURORADIOLOGY
Spatial profiling of the corticospinal tract in amyotrophic lateral sclerosis using diffusion tensor,17608909,3717,2.777777778,339,94%,2007,JOURNAL OF NEUROIMAGING
Delayed ipsilateral parenchymal hemorrhage following treatment of intracranial aneurysms with flow d,24240633,5714,2.772073922,341,94%,2014,NEURORADIOLOGY
Stenting is improving and stabilizing anatomical results of coiled intracranial aneurysms,19322563,5114,2.760736196,343,94%,2009,NEURORADIOLOGY
Microemboli in aneurysmal subarachnoid hemorrhage,18494776,3772,2.760084926,344,94%,2008,JOURNAL OF NEUROIMAGING
Predictive factors of outcome and hemorrhage after acute ischemic stroke treated by mechanical throm,23644538,5559,2.756653992,345,94%,2013,NEURORADIOLOGY
"Differentiation between Glioblastomas, Solitary Brain Metastases, and Primary Cerebral Lymphomas Usi",21330399,1923,2.75,346,94%,2011,AMERICAN JOURNAL OF NEURORADIOLOGY
"Response to Immunotherapy in CLIPPERS: Clinical, MRI, and MRS Follow-Up",21848680,4149,2.747252747,347,94%,2013,JOURNAL OF NEUROIMAGING
Gray Matter Alterations in Young Children with Autism Spectrum Disorders: Comparing Morphometry at t,26214066,4370,2.743142145,348,94%,2015,JOURNAL OF NEUROIMAGING
Spontaneous intracerebral hematoma on diffusion-weighted images: Influence of T2-shine-through and T,15709118,35,2.74,349,94%,2005,AMERICAN JOURNAL OF NEURORADIOLOGY
Stent-Assisted Coiling in Endovascular Treatment of 500 Consecutive Cerebral Aneurysms with Long-Ter,23886748,2596,2.74,349,94%,2013,AMERICAN JOURNAL OF NEURORADIOLOGY
Pipeline Embolization Device in Aneurysmal Subarachnoid Hemorrhage,23064594,2611,2.74,349,94%,2013,AMERICAN JOURNAL OF NEURORADIOLOGY
Mapping hypercapnia-induced cerebrovascular reactivity using BOLD MRI,15616848,4518,2.739726027,352,94%,2005,NEURORADIOLOGY
Neocortical Atrophy in Machado-Joseph Disease: A Longitudinal Neuroimaging Study,21699609,4082,2.721893491,353,94%,2012,JOURNAL OF NEUROIMAGING
Differentiation of benign and malignant pathology in the head and neck using 3T apparent diffusion c,17921228,1039,2.718446602,354,94%,2008,AMERICAN JOURNAL OF NEURORADIOLOGY
Stent-Assisted Coiling versus Coiling Alone in Unruptured Intracranial Aneurysms in the Matrix and P,24184523,2964,2.71,355,94%,2014,AMERICAN JOURNAL OF NEURORADIOLOGY
Hemodynamics in a cerebral artery before and after the formation of an aneurysm,16687554,380,2.698412698,356,94%,2006,AMERICAN JOURNAL OF NEURORADIOLOGY
Do transient ischemic attacks with diffusion-weighted imaging abnormalities correspond to brain infa,16971636,415,2.698412698,356,94%,2006,AMERICAN JOURNAL OF NEURORADIOLOGY
Follow-up of intracranial aneurysms selectively treated with coils: Prospective evaluation of contra,16611757,434,2.698412698,356,94%,2006,AMERICAN JOURNAL OF NEURORADIOLOGY
Impact of Retrievable Stents on Acute Ischemic Stroke Treatment,21566010,1979,2.69,359,94%,2011,AMERICAN JOURNAL OF NEURORADIOLOGY
Focal cortical dysplasia type IIa and IIb: MRI aspects in 118 cases proven by histopathology,22695739,5412,2.685624013,360,94%,2012,NEURORADIOLOGY
"Spinal cord ischemia: aetiology, clinical syndromes and imaging features",25398656,5831,2.680412371,361,94%,2015,NEURORADIOLOGY
4D CT Angiography More Closely Defines Intracranial Thrombus Burden Than Single-Phase CT Angiography,23620073,2610,2.67,362,94%,2013,AMERICAN JOURNAL OF NEURORADIOLOGY
Clinical applications of diffusion tensor tractography of the spinal cord,17909776,4998,2.669717773,363,94%,2008,NEURORADIOLOGY
Vertebral artery variations and osseous anomaly at the C1-2 level diagnosed by 3D CT angiography in,25001076,5711,2.669404517,364,94%,2014,NEURORADIOLOGY
Are Coil Compaction and Aneurysmal Growth Two Distinct Etiologies Leading to Recurrence Following En,23317437,4259,2.668360864,365,94%,2014,JOURNAL OF NEUROIMAGING
Measurement of Length of Hyperdense MCA Sign in Acute Ischemic Stroke Predicts Disappearance after I,23316960,4262,2.668360864,365,94%,2014,JOURNAL OF NEUROIMAGING
Regional lobar atrophy predicts memory impairment in multiple sclerosis,16091537,36,2.66,367,94%,2005,AMERICAN JOURNAL OF NEURORADIOLOGY
Late rebleeding of ruptured intracranial aneurysms treated with detachable coils,16286399,40,2.66,367,94%,2005,AMERICAN JOURNAL OF NEURORADIOLOGY
New symptomatic vertebral compression fractures within a year following vertebroplasty in osteoporot,15956537,60,2.66,367,94%,2005,AMERICAN JOURNAL OF NEURORADIOLOGY
Intracranial stenting of severe symptomatic intracranial stenosis: Results of 100 consecutive patien,18310234,1069,2.653721683,370,94%,2008,AMERICAN JOURNAL OF NEURORADIOLOGY
Intraplaque Hemorrhage in Symptomatic Intracranial Atherosclerotic Disease,19909397,3977,2.652106084,371,94%,2011,JOURNAL OF NEUROIMAGING
Acute Multiple Sclerosis Lesion: Conversion of Restricted Diffusion Due to Vasogenic Edema,19888931,3984,2.652106084,371,94%,2011,JOURNAL OF NEUROIMAGING
Diffusion Tensor Imaging of Guillain-Mollaret Triangle in Patients with Hypertrophic Olivary Degener,20040011,3986,2.652106084,371,94%,2011,JOURNAL OF NEUROIMAGING
Quantification of Thrombus Hounsfield Units on Noncontrast CT Predicts Stroke Subtype and Early Reca,22158924,2277,2.65,374,94%,2012,AMERICAN JOURNAL OF NEURORADIOLOGY
Role of diffusion-weighted echo-planar MR imaging in differentiation of residual or recurrent head a,17569975,723,2.623906706,375,94%,2007,AMERICAN JOURNAL OF NEURORADIOLOGY
CT and ultrasound in the study of ulcerated carotid plaque compared with surgical results: Potential,17569958,730,2.623906706,375,94%,2007,AMERICAN JOURNAL OF NEURORADIOLOGY
Diagnostic value of high-resolution MR imaging in giant cell arteritis,17885247,734,2.623906706,375,94%,2007,AMERICAN JOURNAL OF NEURORADIOLOGY
"Single-shot, turbo spin-echo, diffusion-weighted imaging versus spin-echo-planar, diffusion-weighted",16908562,394,2.619047619,378,94%,2006,AMERICAN JOURNAL OF NEURORADIOLOGY
Transvenous treatment of spontaneous dural carotid-cavernous fistulas using a combination of detacha,16775294,416,2.619047619,378,94%,2006,AMERICAN JOURNAL OF NEURORADIOLOGY
MR imaging and angiography of primary CNS vasculitis of childhood,16418382,420,2.619047619,378,94%,2006,AMERICAN JOURNAL OF NEURORADIOLOGY
Optimized Preload Leakage-Correction Methods to Improve the Diagnostic Accuracy of Dynamic Susceptib,19749223,1615,2.618542109,381,94%,2010,AMERICAN JOURNAL OF NEURORADIOLOGY
Metal Artifact Reduction for Clipping and Coiling in Interventional C-Arm CT,19942707,1625,2.618542109,381,94%,2010,AMERICAN JOURNAL OF NEURORADIOLOGY
"Stenting and Angioplasty for Idiopathic Intracranial Hypertension: A Case Series with Clinical, Angi",25729814,4369,2.618453865,383,94%,2015,JOURNAL OF NEUROIMAGING
Wall Shear Stress in Major Cerebral Arteries as a Function of Age and Gender-A Study of 301 Healthy,25039410,4372,2.618453865,383,94%,2015,JOURNAL OF NEUROIMAGING
Diffusion-Weighted Echo-Planar MR Imaging of Primary Parotid Gland Tumors: Is a Prediction of Differ,19131405,1334,2.611940299,385,94%,2009,AMERICAN JOURNAL OF NEURORADIOLOGY
MRI Features of Posterior Reversible Encephalopathy Syndrome in 33 Patients,19021847,3909,2.611940299,385,94%,2010,JOURNAL OF NEUROIMAGING
Measurement of Antiplatelet Inhibition during Neurointerventional Procedures: The Effect of Antithro,19018951,3911,2.611940299,385,94%,2010,JOURNAL OF NEUROIMAGING
CT angiography and perfusion imaging in patients with subarachnoid hemorrhage: correlation of vasosp,18850093,5117,2.607361963,388,93%,2009,NEURORADIOLOGY
"Radiological features of IgG4-related disease in the head, neck, and brain",22358111,5416,2.606635071,389,93%,2012,NEURORADIOLOGY
Treatment of intracranial aneurysms. Reconstruction of the parent artery with flow-diverting (Silk),21894512,5418,2.606635071,389,93%,2012,NEURORADIOLOGY
Diagnostic Accuracy of PET for Recurrent Glioma Diagnosis: A Meta-Analysis,23124638,2592,2.6,391,93%,2013,AMERICAN JOURNAL OF NEURORADIOLOGY
A DSA-Based Method Using Contrast-Motion Estimation for the Assessment of the Intra-Aneurysmal Flow,23124641,2605,2.6,391,93%,2013,AMERICAN JOURNAL OF NEURORADIOLOGY
A Better Characterization of Spinal Cord Damage in Multiple Sclerosis: A Diffusional Kurtosis Imagin,23578677,2616,2.6,391,93%,2013,AMERICAN JOURNAL OF NEURORADIOLOGY
Carotid Webs and Recurrent Ischemic Strokes in the Era of CT Angiography,26228877,3300,2.595870206,394,93%,2015,AMERICAN JOURNAL OF NEURORADIOLOGY
Using Texture Analysis to Determine Human Papillomavirus Status of Oropharyngeal Squamous Cell Carci,25836725,3301,2.595870206,394,93%,2015,AMERICAN JOURNAL OF NEURORADIOLOGY
Comparison of 3T and 7T Susceptibility-Weighted Angiography of the Substantia Nigra in Diagnosing Pa,25376811,3302,2.595870206,394,93%,2015,AMERICAN JOURNAL OF NEURORADIOLOGY
Assessment of angiographic outcomes after flow diversion treatment of intracranial aneurysms: a new,20838782,5305,2.594995366,397,93%,2011,NEURORADIOLOGY
Diagnostic criteria for spontaneous spinal CSF leaks and intracranial hypotension,18799593,1035,2.588996764,398,93%,2008,AMERICAN JOURNAL OF NEURORADIOLOGY
Intracranial angioplasty and stenting in the awake patient,16808823,3665,2.581755594,399,93%,2006,JOURNAL OF NEUROIMAGING
Statin use is independently associated with smaller infarct volume in nonlacunar MCA territory strok,17032384,3667,2.581755594,399,93%,2006,JOURNAL OF NEUROIMAGING
Cortical projections to the human red nucleus: a diffusion tensor tractography study with a 1.5-T MR,16937147,4682,2.575107296,401,93%,2006,NEURORADIOLOGY
Self-expanding stent-assisted middle cerebral artery recanalization: technical note,16622697,4691,2.575107296,401,93%,2006,NEURORADIOLOGY
Multimodal MR examination in acute ischemic stroke,16508783,4736,2.575107296,401,93%,2006,NEURORADIOLOGY
MR and clinical follow-up of diffusion-weighted cerebral lesions after carotid artery stenting,16219842,65,2.57,404,93%,2005,AMERICAN JOURNAL OF NEURORADIOLOGY
Diagnostic Dilemma of Pseudoprogression in the Treatment of Newly Diagnosed Glioblastomas: The Role,21252041,1924,2.57,404,93%,2011,AMERICAN JOURNAL OF NEURORADIOLOGY
High-Resolution MR Neurography of Diffuse Peripheral Nerve Lesions,20966057,1932,2.57,404,93%,2011,AMERICAN JOURNAL OF NEURORADIOLOGY
Evaluation of Microvascular Permeability with Dynamic Contrast-Enhanced MRI for the Differentiation,24722313,2972,2.57,404,93%,2014,AMERICAN JOURNAL OF NEURORADIOLOGY
Y and X Stent-Assisted Coiling of Complex and Wide-Neck Intracranial Bifurcation Aneurysms,25059700,2977,2.57,404,93%,2014,AMERICAN JOURNAL OF NEURORADIOLOGY
Voxel-Based Statistical Analysis of Fractional Anisotropy and Mean Diffusivity in Patients with Unil,22211942,4155,2.564102564,410,93%,2013,JOURNAL OF NEUROIMAGING
Stroke following Epidural Injections-Case Report and Review of Literature,21699610,4156,2.564102564,410,93%,2013,JOURNAL OF NEUROIMAGING
Variability in Diagnosing Creutzfeldt-Jakob Disease Using Standard and Proposed Diagnostic Criteria,23163590,4159,2.564102564,410,93%,2013,JOURNAL OF NEUROIMAGING
Differentiation of glioblastoma multiforme and single brain metastasis by peak height and percentage,17569962,719,2.551020408,413,93%,2007,AMERICAN JOURNAL OF NEURORADIOLOGY
Pitfalls in the Use of Voxel-Based Morphometry as a Biomarker: Examples from Huntington Disease,20037137,1624,2.547770701,414,93%,2010,AMERICAN JOURNAL OF NEURORADIOLOGY
Dose Exposure of Patients Undergoing Comprehensive Stroke Imaging by Multidetector-Row CT: Compariso,20110373,1633,2.547770701,414,93%,2010,AMERICAN JOURNAL OF NEURORADIOLOGY
Qualification requirements for performing neurointerventional procedures: A report of the practice g,18315594,3774,2.547770701,414,93%,2008,JOURNAL OF NEUROIMAGING
Whole-Brain Proton MR Spectroscopic Imaging in Parkinson's Disease,23228009,4261,2.541296061,417,93%,2014,JOURNAL OF NEUROIMAGING
Angiographic Perfusion Imaging: Real-Time Assessment of Endovascular Treatment for Cerebral Vasospas,24015728,4263,2.541296061,417,93%,2014,JOURNAL OF NEUROIMAGING
Improved delineation of glioma margins and regions of infiltration with the use of diffusion tensor,17032877,376,2.53968254,419,93%,2006,AMERICAN JOURNAL OF NEURORADIOLOGY
Endovascular treatment of intracranial vertebral artery dissections with stent placement or stent-as,16908571,389,2.53968254,419,93%,2006,AMERICAN JOURNAL OF NEURORADIOLOGY
Posterior reversible encephalopathy syndrome: do predisposing risk factors make a difference in MRI,19234694,5112,2.530674847,421,93%,2009,NEURORADIOLOGY
Differentiation of Primary Central Nervous System Lymphomas and Glioblastomas: Comparisons of Diagno,23348763,2600,2.53,422,93%,2013,AMERICAN JOURNAL OF NEURORADIOLOGY
Prediction of Pseudoprogression in Patients with Glioblastomas Using the Initial and Final Area Unde,23828115,2602,2.53,422,93%,2013,AMERICAN JOURNAL OF NEURORADIOLOGY
The Use of Adaptive Statistical Iterative Reconstruction in Pediatric Head CT: A Feasibility Study,22627796,2621,2.53,422,93%,2013,AMERICAN JOURNAL OF NEURORADIOLOGY
Diffusion tensor MR imaging in cervical spine trauma,18238846,1044,2.524271845,425,93%,2008,AMERICAN JOURNAL OF NEURORADIOLOGY
Mild Cognitive Impairment: Differential Atrophy in the Hippocampal Subfields,21835940,1946,2.51,426,93%,2011,AMERICAN JOURNAL OF NEURORADIOLOGY
Coiling of Large and Giant Aneurysms: Complications and Long-Term Results of 334 Cases,23945229,2969,2.5,427,93%,2014,AMERICAN JOURNAL OF NEURORADIOLOGY
"Preoperative Embolization of Intracranial Meningiomas: Efficacy, Technical Considerations, and Compl",24722303,2971,2.5,427,93%,2014,AMERICAN JOURNAL OF NEURORADIOLOGY
Mechanical Thrombectomy with Stent Retrievers in Acute Basilar Artery Occlusion,24287087,2974,2.5,427,93%,2014,AMERICAN JOURNAL OF NEURORADIOLOGY
High-resolution Diffusion Tensor Imaging for the Detection of Diffusion Abnormalities in the Trigemi,20649853,3980,2.496099844,430,93%,2011,JOURNAL OF NEUROIMAGING
Diffusion-weighted imaging of radiation-induced brain injury for differentiation from tumor recurren,15956515,12,2.49,431,93%,2005,AMERICAN JOURNAL OF NEURORADIOLOGY
Prediction of hemorrhage in acute ischemic stroke using permeability MR imaging,16219824,41,2.49,431,93%,2005,AMERICAN JOURNAL OF NEURORADIOLOGY
"Early rebleeding after coiling of ruptured cerebral aneurysms: Incidence, morbidity, and risk factor",16091523,45,2.49,431,93%,2005,AMERICAN JOURNAL OF NEURORADIOLOGY
Prospective analysis of cerebral infarction after carotid endarterectomy and carotid artery stent pl,15709140,56,2.49,431,93%,2005,AMERICAN JOURNAL OF NEURORADIOLOGY
"Relationship of MR-derived lactate, mobile lipids, and relative blood volume for gliomas in vivo",15814918,74,2.49,431,93%,2005,AMERICAN JOURNAL OF NEURORADIOLOGY
In vivo assessment and visualization of intracranial arterial hemodynamics with flow-sensitized 4D M,17353308,737,2.478134111,436,93%,2007,AMERICAN JOURNAL OF NEURORADIOLOGY
Efficacy and sensitivity of axial scans and different reconstruction methods in the study of the ulc,17416828,755,2.478134111,436,93%,2007,AMERICAN JOURNAL OF NEURORADIOLOGY
Predicting Long-Term Outcome after Endovascular Stroke Treatment: The Totaled Health Risks in Vascul,20223889,1629,2.476999292,438,93%,2010,AMERICAN JOURNAL OF NEURORADIOLOGY
Evaluation of Dural Arteriovenous Fistulas with 4D Contrast-Enhanced MR Angiography at 3T,19833802,1638,2.476999292,438,93%,2010,AMERICAN JOURNAL OF NEURORADIOLOGY
The evaluation of FDG-PET imaging for epileptogenic focus localization in patients with MRI positive,23223825,5560,2.47148289,440,93%,2013,NEURORADIOLOGY
Intraoperative MRI to guide the resection of primary supratentorial glioblastoma multiforme - a quan,15951997,4517,2.465753425,441,93%,2005,NEURORADIOLOGY
Intravoxel incoherent motion perfusion imaging in acute stroke: initial clinical experience,24838807,5712,2.464065708,442,93%,2014,NEURORADIOLOGY
Intracranial Aneurysms in Childhood: 27-Year Single-Institution Experience,19357386,1348,2.462686567,443,93%,2009,AMERICAN JOURNAL OF NEURORADIOLOGY
The effects of cement volume on clinical outcomes of percutaneous vertebroplasty,17032870,388,2.46031746,444,93%,2006,AMERICAN JOURNAL OF NEURORADIOLOGY
Creutzfeldt-Jakob disease: Comparative analysis of MR imaging sequences,16908558,418,2.46031746,444,93%,2006,AMERICAN JOURNAL OF NEURORADIOLOGY
Acute Brain MRI Findings in 120 Malawian Children with Cerebral Malaria: New Insights into an Ancien,22517285,2283,2.46,446,92%,2012,AMERICAN JOURNAL OF NEURORADIOLOGY
Autism Attenuates Sex Differences in Brain Structure: A Combined Voxel-Based Morphometry and Diffusi,22173769,2290,2.46,446,92%,2012,AMERICAN JOURNAL OF NEURORADIOLOGY
Comparison of Stent-Retriever Devices versus the Merci Retriever for Endovascular Treatment of Acute,22790249,2606,2.46,446,92%,2013,AMERICAN JOURNAL OF NEURORADIOLOGY
Association of Olfactory Bulb Volume and Olfactory Sulcus Depth with Olfactory Function in Patients,21330398,1945,2.45,449,92%,2011,AMERICAN JOURNAL OF NEURORADIOLOGY
Comparative in vitro study of five mechanical embolectomy systems: effectiveness of clot removal and,17932666,5019,2.440884821,450,92%,2008,NEURORADIOLOGY
Validation of intracranial area as a surrogate measure of intracranial volume when using clinical MR,17238873,3718,2.430555556,452,92%,2007,JOURNAL OF NEUROIMAGING
A Simple Way to Improve Anatomical Mapping of Functional Brain Imaging,20331499,3907,2.425373134,453,92%,2010,JOURNAL OF NEUROIMAGING
Brachial and lumbar plexuses in chronic inflammatory demyelinating polyradiculoneuropathy: MRI asses,20405114,5310,2.409638554,454,92%,2011,NEURORADIOLOGY
Percutaneous Vertebroplasty and Pulmonary Cement Embolism: Results from VERTOS II,20488908,1621,2.406227884,455,92%,2010,AMERICAN JOURNAL OF NEURORADIOLOGY
Diffusion tensor MR Imaging reveals persistent white matter alteration after traumatic brain injury,17905895,745,2.405247813,456,92%,2007,AMERICAN JOURNAL OF NEURORADIOLOGY
Flat panel detector angiopaphic CT for Stent-Assisted coil embolization of broad-based cerebral aneu,17893214,751,2.405247813,456,92%,2007,AMERICAN JOURNAL OF NEURORADIOLOGY
Sixty-four-row multisection CT angiography for detection and evaluation of ruptured intracranial ane,17898200,753,2.405247813,456,92%,2007,AMERICAN JOURNAL OF NEURORADIOLOGY
"Structural, immunocytochemical, and MR imaging properties of periventricular crossroads of growing c",16286422,17,2.4,459,92%,2005,AMERICAN JOURNAL OF NEURORADIOLOGY
Perfusion CT for head and neck tumors: Pilot study,15891181,27,2.4,459,92%,2005,AMERICAN JOURNAL OF NEURORADIOLOGY
Local tissue damage assessed with statistical mapping analysis of brain magnetization transfer ratio,15661713,68,2.4,459,92%,2005,AMERICAN JOURNAL OF NEURORADIOLOGY
Dynamic 3D MR angiography of intra- and extracranial vascular malformations at 3T: A technical note,15760877,84,2.4,459,92%,2005,AMERICAN JOURNAL OF NEURORADIOLOGY
CT Perfusion Mean Transit Time Maps Optimally Distinguish Benign Oligemia from True At-Risk Ischemic,22194372,2286,2.4,459,92%,2012,AMERICAN JOURNAL OF NEURORADIOLOGY
Long-Term Follow-Up after Treatment of Intracranial Aneurysms with the Pipeline Embolization Device:,22158922,2295,2.4,459,92%,2012,AMERICAN JOURNAL OF NEURORADIOLOGY
Susceptibility-weighted Imaging for the evaluation of patients with familial cerebral cavernous malf,17947370,1062,2.394822006,466,92%,2008,AMERICAN JOURNAL OF NEURORADIOLOGY
A new self-expandable nitinol stent for the treatment of wide-neck aneurysms: Initial clinical exper,18436611,1082,2.394822006,466,92%,2008,AMERICAN JOURNAL OF NEURORADIOLOGY
The Role of the Pipeline Embolization Device for the Treatment of Dissecting Intracranial Aneurysms,21885721,1930,2.39,468,92%,2011,AMERICAN JOURNAL OF NEURORADIOLOGY
Acute Damage to the Posterior Limb of the Internal Capsule on Diffusion Tensor Tractography as an Ea,21474629,1931,2.39,468,92%,2011,AMERICAN JOURNAL OF NEURORADIOLOGY
The Varying Porosity of Braided Self-Expanding Stents and Flow Diverters: An Experimental Study,22878007,2630,2.39,468,92%,2013,AMERICAN JOURNAL OF NEURORADIOLOGY
Cerebellar Atrophy in Essential Tremor Using an Automated Segmentation Method,19342539,1342,2.388059701,471,92%,2009,AMERICAN JOURNAL OF NEURORADIOLOGY
Clinical and Angiographic Follow-Up of Stent-Only Therapy for Acute Intracranial Vertebrobasilar Dis,19342544,1345,2.388059701,471,92%,2009,AMERICAN JOURNAL OF NEURORADIOLOGY
Apparent diffusion coefficients for differentiation of cerebellar tumors in children,16775298,373,2.380952381,473,92%,2006,AMERICAN JOURNAL OF NEURORADIOLOGY
Transient splenial lesion of the corpus callosum in clinically mild influenza-associated encephaliti,17032879,392,2.380952381,473,92%,2006,AMERICAN JOURNAL OF NEURORADIOLOGY
High-Level Gait Disorder: Associations with Specific White Matter Changes Observed on Advanced Diffu,22928624,4163,2.380952381,473,92%,2013,JOURNAL OF NEUROIMAGING
"Simple and complex dysembryoplastic neuroepithelial tumors (DNT) variants: clinical profile, MRI, an",19242688,5115,2.377300613,476,92%,2009,NEURORADIOLOGY
Whole-brain voxel-based analysis of diffusion tensor MRI parameters in patients with primary open an,23223846,5562,2.376425856,477,92%,2013,NEURORADIOLOGY
Flow diverter effect on cerebral aneurysm hemodynamics: an in vitro comparison of telescoping stents,23515661,5563,2.376425856,477,92%,2013,NEURORADIOLOGY
Detection and Grading of Endolymphatic Hydrops in Meniere Disease Using MR Imaging,24524921,2973,2.37,479,92%,2014,AMERICAN JOURNAL OF NEURORADIOLOGY
Computational Hemodynamics Analysis of Intracranial Aneurysms Treated with Flow Diverters: Correlati,24287091,2980,2.37,479,92%,2014,AMERICAN JOURNAL OF NEURORADIOLOGY
Multimodal MRI in the characterization of glial neoplasms: the combined role of single-voxel MR spec,17619871,4887,2.369668246,481,92%,2007,NEURORADIOLOGY
Significance of apparent diffusion coefficient measurement for the differential diagnosis of multipl,22274571,5415,2.369668246,481,92%,2012,NEURORADIOLOGY
Syndrome-Specific Patterns of Regional Cerebral Glucose Metabolism in Posterior Cortical Atrophy in,24593796,4376,2.369077307,483,92%,2015,JOURNAL OF NEUROIMAGING
Approaches to Normalization of Spinal Cord Volume: Application to Multiple Sclerosis,21854479,4085,2.366863905,484,92%,2012,JOURNAL OF NEUROIMAGING
Evolving radiological features of hypothalamo-pituitary lesions in adult patients with Langerhans ce,16292545,4686,2.360515021,485,92%,2006,NEURORADIOLOGY
Focal transient lesion in the splenium of the corpus callosum in three non-epileptic patients,16944123,4697,2.360515021,485,92%,2006,NEURORADIOLOGY
The association between neurological deficit in acute ischemic stroke and mean transit time - Compar,16315062,4699,2.360515021,485,92%,2006,NEURORADIOLOGY
Intrasaccular Flow Disruption in Acutely Ruptured Aneurysms: A Multicenter Retrospective Review of t,26138139,3304,2.359882006,488,92%,2015,AMERICAN JOURNAL OF NEURORADIOLOGY
A Multicenter Analysis of Time to Microcatheter for Endovascular Therapy in Acute Ischemic Stroke,19811609,3991,2.340093604,489,92%,2011,JOURNAL OF NEUROIMAGING
Stent-Assisted Coiling of Intracranial Bifurcation Aneurysms Leads to Immediate and Delayed Intracra,22194381,2281,2.34,490,92%,2012,AMERICAN JOURNAL OF NEURORADIOLOGY
Diffusion MR Imaging of Hypoglycemic Encephalopathy,19875472,1626,2.335456476,491,92%,2010,AMERICAN JOURNAL OF NEURORADIOLOGY
The Efficacy of Endovascular Stenting in the Treatment of Supraclinoid Internal Carotid Artery Blist,20150303,1634,2.335456476,491,92%,2010,AMERICAN JOURNAL OF NEURORADIOLOGY
Diagnosis of lacunar infarcts within 6 hours of onset by clinical and CT criteria versus MRI,18190499,3782,2.335456476,491,92%,2008,JOURNAL OF NEUROIMAGING
MR imaging of metronidazole-induced encephalopathy: Lesion distribution and diffusion-weighted imagi,17885234,724,2.332361516,494,92%,2007,AMERICAN JOURNAL OF NEURORADIOLOGY
Whole-brain and regional brain atrophy in amyotrophic lateral sclerosis,17296989,726,2.332361516,494,92%,2007,AMERICAN JOURNAL OF NEURORADIOLOGY
Reversibility of venous sinus obstruction in idiopathic intracranial hypertension,17416816,729,2.332361516,494,92%,2007,AMERICAN JOURNAL OF NEURORADIOLOGY
Diffusion tensor tractography-based group mapping of the pyramidal tract in relapsing-remitting mult,17296994,749,2.332361516,494,92%,2007,AMERICAN JOURNAL OF NEURORADIOLOGY
Effects of Age and Gender on White Matter Integrity,21998104,1927,2.33,498,92%,2011,AMERICAN JOURNAL OF NEURORADIOLOGY
Direct Thrombus Retrieval Using the Reperfusion Catheter of the Penumbra System: Forced-Suction Thro,21087940,1934,2.33,498,92%,2011,AMERICAN JOURNAL OF NEURORADIOLOGY
A brainstem variant of reversible posterior leukoencephalopathy syndrome,15947925,4535,2.328767123,500,92%,2005,NEURORADIOLOGY
Usefulness of the apparent diffusion coefficient in line scan diffusion-weighted imaging for disting,15891182,18,2.32,501,91%,2005,AMERICAN JOURNAL OF NEURORADIOLOGY
Proton MR spectroscopic imaging depicts diffuse axonal injury in children with traumatic brain injur,15891197,32,2.32,501,91%,2005,AMERICAN JOURNAL OF NEURORADIOLOGY
Short-term outcome of intracranial aneurysms treated with polyglycolic acid/lactide copolymer-coated,16155135,58,2.32,501,91%,2005,AMERICAN JOURNAL OF NEURORADIOLOGY
Intracranial 4D Flow MRI: Toward Individualized Assessment of Arteriovenous Malformation Hemodynamic,23639564,2604,2.32,501,91%,2013,AMERICAN JOURNAL OF NEURORADIOLOGY
Evolution of Cortical and Thalamus Atrophy and Disability Progression in Early Relapsing-Remitting M,23578679,2607,2.32,501,91%,2013,AMERICAN JOURNAL OF NEURORADIOLOGY
Imaging Recommendations for Acute Stroke and Transient Ischemic Attack Patients: A Joint Statement b,23948676,2612,2.32,501,91%,2013,AMERICAN JOURNAL OF NEURORADIOLOGY
Spontaneous Delayed Migration/Shortening of the Pipeline Embolization Device: Report of 5 Cases,23811979,2614,2.32,501,91%,2013,AMERICAN JOURNAL OF NEURORADIOLOGY
Multicontrast MR Imaging at 7T in Multiple Sclerosis: Highest Lesion Detection in Cortical Gray Matt,23042930,2622,2.32,501,91%,2013,AMERICAN JOURNAL OF NEURORADIOLOGY
Intra-Aneurysmal Pressure and Flow Changes Induced by Flow Diverters: Relation to Aneurysm Size and,23019173,2623,2.32,501,91%,2013,AMERICAN JOURNAL OF NEURORADIOLOGY
Incidental Thyroid Nodules on CT: Evaluation of 2 Risk-Categorization Methods for Work-Up of Nodules,23557957,2625,2.32,501,91%,2013,AMERICAN JOURNAL OF NEURORADIOLOGY
"Diagnostic examination performance by using microvascular leakage, cerebral blood volume, and blood",20625709,5312,2.316960148,511,91%,2011,NEURORADIOLOGY
Temporoparietal MR Imaging Measures of Atrophy in Subjects with Mild Cognitive Impairment That Predi,19112067,1373,2.313432836,512,91%,2009,AMERICAN JOURNAL OF NEURORADIOLOGY
"[C-11]Methionine PET, histopathology, and survival in primary brain tumors and recurrence",16908552,400,2.301587302,513,91%,2006,AMERICAN JOURNAL OF NEURORADIOLOGY
Procedural morbidity and mortality of elective coil treatment of unruptured intracranial aneurysms,16971613,427,2.301587302,513,91%,2006,AMERICAN JOURNAL OF NEURORADIOLOGY
Subtracted 3D CT angiography for evaluation of internal carotid artery aneurysms: Comparison with co,16775292,439,2.301587302,513,91%,2006,AMERICAN JOURNAL OF NEURORADIOLOGY
Optimal Virtual Monochromatic Images for Evaluation of Normal Tissues and Head and Neck Cancer Using,26021623,3303,2.300884956,516,91%,2015,AMERICAN JOURNAL OF NEURORADIOLOGY
Glioma: Application of Histogram Analysis of Pharmacokinetic Parameters from T1-Weighted Dynamic Con,24384119,2968,2.3,517,91%,2014,AMERICAN JOURNAL OF NEURORADIOLOGY
Discriminant analysis to classify glioma grading using dynamic contrast-enhanced MRI and immunohisto,21541688,5417,2.290679305,518,91%,2012,NEURORADIOLOGY
Temporal Lobe Epilepsy with Amygdala Enlargement: A Morphologic and Functional Study,22304227,4264,2.287166455,519,91%,2014,JOURNAL OF NEUROIMAGING
Establishing Magnetic Resonance Images Orientation for the EADC-ADNI Manual Hippocampal Segmentation,24279479,4265,2.287166455,519,91%,2014,JOURNAL OF NEUROIMAGING
Correlation between pathology and neuromelanin MR imaging in Parkinson's disease and dementia with L,23673875,5552,2.281368821,521,91%,2013,NEURORADIOLOGY
MRI of intracranial vertebral artery dissection: evaluation of intramural haematoma using a black bl,23619699,5556,2.281368821,521,91%,2013,NEURORADIOLOGY
Is general anaesthesia preferable to conscious sedation in the treatment of acute ischaemic stroke w,22922866,5567,2.281368821,521,91%,2013,NEURORADIOLOGY
Stents and flow diverters in the treatment of aneurysms: device deformation in vivo may alter porosi,22895818,5571,2.281368821,521,91%,2013,NEURORADIOLOGY
Comparison of hemodynamics of intracranial aneurysms between MR fluid dynamics using 3D cine phase-c,19967532,5204,2.276559865,525,91%,2010,NEURORADIOLOGY
Treatment of a wide-necked aneurysm of the anterior cerebral artery using two Enterprise stents in Y,19844699,5216,2.276559865,525,91%,2010,NEURORADIOLOGY
Functional MRI of the cervical spinal cord on 1.5 T with fingertapping: to what extent is it feasibl,17119948,4913,2.274881517,527,91%,2007,NEURORADIOLOGY
Subcallosal artery stroke: infarction of the fornix and the genu of the corpus callosum. The importa,17119948,5833,2.268041237,528,91%,2015,NEURORADIOLOGY
Reproducibility of Single-Subject Functional Connectivity Measurements,21273356,1928,2.26,529,91%,2011,AMERICAN JOURNAL OF NEURORADIOLOGY
Using High-Resolution MR Imaging at 7T to Evaluate the Anatomy of the Midbrain Dopaminergic System,21183619,1943,2.26,529,91%,2011,AMERICAN JOURNAL OF NEURORADIOLOGY
Metabolite findings in tumefactive demyelinating lesions utilizing short echo time proton magnetic r,17846183,735,2.259475219,531,91%,2007,AMERICAN JOURNAL OF NEURORADIOLOGY
Mechanical disruption of thrombus following intravenous tissue plasminogen activator for ischemic st,17441833,3722,2.256944444,532,91%,2007,JOURNAL OF NEUROIMAGING
Verbal working memory and atherosclerosis in patients with cardiovascular disease: An fMRI study,17608908,3725,2.256944444,532,91%,2007,JOURNAL OF NEUROIMAGING
Age-Related Trends in the Treatment and Outcomes of Ruptured Cerebral Aneurysms: A Study of the Nati,23124637,2615,2.25,534,91%,2013,AMERICAN JOURNAL OF NEURORADIOLOGY
Head and Neck Tumors: Assessment of Perfusion-Related Parameters and Diffusion Coefficients Based on,22859281,2618,2.25,534,91%,2013,AMERICAN JOURNAL OF NEURORADIOLOGY
Clopidogrel Hyper-Response and Bleeding Risk in Neurointerventional Procedures,23275598,2637,2.25,534,91%,2013,AMERICAN JOURNAL OF NEURORADIOLOGY
Sex- and Age-Related Differences in Brain FDG Metabolism of Healthy Adults: An SPM Analysis,21332873,4086,2.24852071,537,91%,2012,JOURNAL OF NEUROIMAGING
Presurgical fMRI and DTI for the Prediction of Perioperative Motor and Language Deficits in Primary,26173383,4371,2.244389027,538,91%,2015,JOURNAL OF NEUROIMAGING
Comparison of Automated Brain Volume Measures obtained with NeuroQuant (R) and FreeSurfer,25727700,4373,2.244389027,538,91%,2015,JOURNAL OF NEUROIMAGING
Predictive Models Based on Support Vector Machines: Whole-Brain versus Regional Analysis of Structur,25291354,4374,2.244389027,538,91%,2015,JOURNAL OF NEUROIMAGING
Mean Diffusional Kurtosis in Patients with Glioma: Initial Results with a Fast Imaging Method in a C,25977481,3306,2.241887906,541,91%,2015,AMERICAN JOURNAL OF NEURORADIOLOGY
CT Angiography for Brain Death Diagnosis,19406767,1341,2.23880597,542,91%,2009,AMERICAN JOURNAL OF NEURORADIOLOGY
Clinical and Angiographic Results of Coiling of 196 Very Small (<= 3 mm) Intracranial Aneurysms,19131407,1346,2.23880597,542,91%,2009,AMERICAN JOURNAL OF NEURORADIOLOGY
Variability of Homotopic and Heterotopic Callosal Connectivity in Partial Agenesis of the Corpus Cal,19001538,1347,2.23880597,542,91%,2009,AMERICAN JOURNAL OF NEURORADIOLOGY
"MR Imaging of Orbital Inflammatory Syndrome, Orbital Cellulitis, and Orbital Lymphoid Lesions: The R",18842758,1351,2.23880597,542,91%,2009,AMERICAN JOURNAL OF NEURORADIOLOGY
Does Diffusion-Weighted Imaging Represent the Ischemic Core? An Evidence-Based Systematic Review,19357385,1365,2.23880597,542,91%,2009,AMERICAN JOURNAL OF NEURORADIOLOGY
Pituitary Adenomas Can Appear as Hypermetabolic Lesions in 18F-FDG PET Imaging,19453834,3912,2.23880597,542,91%,2010,JOURNAL OF NEUROIMAGING
A magnetization transfer MRI study of deep gray matter involvement in multiple sclerosis,17032378,3677,2.237521515,548,91%,2006,JOURNAL OF NEUROIMAGING
Voxel-based morphometric comparison between early- and late-onset mild Alzheimer's disease and asses,15709131,13,2.23,549,91%,2005,AMERICAN JOURNAL OF NEURORADIOLOGY
Fiber density index correlates with reduced fractional anisotropy in white matter of patients with g,16219820,42,2.23,549,91%,2005,AMERICAN JOURNAL OF NEURORADIOLOGY
Quantifying the Large-Scale Hemodynamics of Intracranial Aneurysms,23928142,2975,2.23,549,91%,2014,AMERICAN JOURNAL OF NEURORADIOLOGY
Coil Occlusion of Wide-Neck Bifurcation Aneurysms Assisted by a Novel Intra- to Extra-Aneurysmatic N,24356676,2985,2.23,549,91%,2014,AMERICAN JOURNAL OF NEURORADIOLOGY
"Patterns of Brain Structural Changes in First-Contact, Antipsychotic Drug-Nai ve Patients with Schiz",23744689,2992,2.23,549,91%,2014,AMERICAN JOURNAL OF NEURORADIOLOGY
Radiation exposure of patients in comprehensive computed tomography of the head in acute stroke,16971627,383,2.222222222,554,91%,2006,AMERICAN JOURNAL OF NEURORADIOLOGY
Differences in complication rates among the centres in the SPACE study,18810400,5009,2.212051869,556,91%,2008,NEURORADIOLOGY
Angiographic CT with intravenous administration of contrast medium is a noninvasive option for follo,18246336,5016,2.212051869,556,91%,2008,NEURORADIOLOGY
Treatment of symptomatic high-grade intracranial stenoses with the balloon-expandable Pharos stent:,18438655,5036,2.212051869,556,91%,2008,NEURORADIOLOGY
Hemodynamics of Cerebral Aneurysm Initiation: The Role of Wall Shear Stress and Spatial Wall Shear S,21310860,1938,2.2,559,91%,2011,AMERICAN JOURNAL OF NEURORADIOLOGY
Frequency and Location of Dilated Virchow-Robin Spaces in Elderly People: A Population-Based 3D MR I,21349956,1949,2.2,559,91%,2011,AMERICAN JOURNAL OF NEURORADIOLOGY
FLAIR Distal Hyperintense Vessels as a Marker of Perfusion-Diffusion Mismatch in Acute Stroke,23317412,4152,2.197802198,561,91%,2013,JOURNAL OF NEUROIMAGING
Diffusion Tensor Imaging of Basal Ganglia and Thalamus in Amyotrophic Lateral Sclerosis,22273090,4157,2.197802198,561,91%,2013,JOURNAL OF NEUROIMAGING
Percutaneous Vertebroplasty Is Not a Risk Factor for New Osteoporotic Compression Fractures: Results,20651016,1623,2.193913659,563,90%,2010,AMERICAN JOURNAL OF NEURORADIOLOGY
Multiple Inflow Pulsed Arterial Spin-Labeling Reveals Delays in the Arterial Arrival Time in Minor S,20110375,1630,2.193913659,563,90%,2010,AMERICAN JOURNAL OF NEURORADIOLOGY
Predictors of Surface Disruption with MR Imaging in Asymptomatic Carotid Artery Stenosis,19833801,1646,2.193913659,563,90%,2010,AMERICAN JOURNAL OF NEURORADIOLOGY
Acute Necrotizing Encephalopathy in a Child during the 2009 Influenza A(H1N1) Pandemia: MR Imaging i,20231352,1666,2.193913659,563,90%,2010,AMERICAN JOURNAL OF NEURORADIOLOGY
Diffusion tensor imaging (DTI) and tractography of the brachial plexus: feasibility and initial expe,20054685,5206,2.192242833,567,90%,2010,NEURORADIOLOGY
Vertebrobasilar dissection with subarachnoid hemorrhage: a retrospective study of 29 patients,15711986,4519,2.191780822,568,90%,2005,NEURORADIOLOGY
The relation between packing and reopening in coiled intracranial aneurysms: a prospective study,16136261,4527,2.191780822,568,90%,2005,NEURORADIOLOGY
Cognitive impairment after traumatic brain injury: a functional magnetic resonance imaging study usi,15973537,4530,2.191780822,568,90%,2005,NEURORADIOLOGY
Posterior reversible encephalopathy syndrome: a possible late interaction between cytotoxic agents a,15997391,4542,2.191780822,568,90%,2005,NEURORADIOLOGY
Time-of-flight magnetic resonance angiography in the follow-up of intracranial aneurysms treated wit,15983772,4549,2.191780822,568,90%,2005,NEURORADIOLOGY
MR tractography with diffusion tensor imaging in clinical routine,15838688,4551,2.191780822,568,90%,2005,NEURORADIOLOGY
Automated discrimination between very early Alzheimer disease and controls using an easy Z-score ima,17416830,731,2.186588921,574,90%,2007,AMERICAN JOURNAL OF NEURORADIOLOGY
A new covered Stent designed for intracranial vasculature: Application in the management of pseudoan,17846216,752,2.186588921,574,90%,2007,AMERICAN JOURNAL OF NEURORADIOLOGY
Three-dimensional susceptibility-weighted imaging at 7 T using fractal-based quantitative analysis t,22903580,5564,2.186311787,576,90%,2013,NEURORADIOLOGY
Long-term clinical and radiological results of endovascular internal trapping in vertebral artery di,23149552,5565,2.186311787,576,90%,2013,NEURORADIOLOGY
Voxel-Based Analysis of Diffusion Tensor Imaging in Patients with Subcortical Vascular Cognitive Imp,20977535,3982,2.184087363,578,90%,2011,JOURNAL OF NEUROIMAGING
Diffusion Tensor Imaging of the Optic Tracts in Multiple Sclerosis: Association with Retinal Thinnin,20331501,3983,2.184087363,578,90%,2011,JOURNAL OF NEUROIMAGING
Gray Matter Alterations in First-Admission Adolescents with Schizophrenia,20572905,3996,2.184087363,578,90%,2011,JOURNAL OF NEUROIMAGING
WEB-DL Endovascular Treatment of Wide-Neck Bifurcation Aneurysms: Long-Term Results in a European Se,26228882,3305,2.182890855,581,90%,2015,AMERICAN JOURNAL OF NEURORADIOLOGY
Silk Flow-Diverter Stent for the Treatment of Intracranial Aneurysms: A Series of 58 Patients with E,25376806,3309,2.182890855,581,90%,2015,AMERICAN JOURNAL OF NEURORADIOLOGY
What Is Meant by TICI?,23578670,2601,2.18,583,90%,2013,AMERICAN JOURNAL OF NEURORADIOLOGY
Differentiation of Tumor Progression from Pseudoprogression in Patients with Posttreatment Glioblast,24676005,2976,2.17,584,90%,2014,AMERICAN JOURNAL OF NEURORADIOLOGY
Metrics and Textural Features of MRI Diffusion to Improve Classification of Pediatric Posterior Foss,24309122,2979,2.17,584,90%,2014,AMERICAN JOURNAL OF NEURORADIOLOGY
Imaging Findings in MR Imaging-Guided Focused Ultrasound Treatment for Patients with Essential Tremo,24371027,2981,2.17,584,90%,2014,AMERICAN JOURNAL OF NEURORADIOLOGY
Pretreatment ADC Histogram Analysis Is a Predictive Imaging Biomarker for Bevacizumab Treatment but,24136647,2987,2.17,584,90%,2014,AMERICAN JOURNAL OF NEURORADIOLOGY
Association between internal carotid artery dissection and arterial tortuosity,25326167,5832,2.164948454,588,90%,2015,NEURORADIOLOGY
Diffusion tensor imaging parameters' changes of cerebellar hemispheres in Parkinson's disease,25479963,5834,2.164948454,588,90%,2015,NEURORADIOLOGY
Angiography Reveals That Fluid-Attenuated Inversion Recovery Vascular Hyperintensities Are Due to Sl,19022866,1339,2.164179104,590,90%,2009,AMERICAN JOURNAL OF NEURORADIOLOGY
Agenesis of the Corpus Callosum: An MR Imaging Analysis of Associated Abnormalities in the Fetus,18988682,1350,2.164179104,590,90%,2009,AMERICAN JOURNAL OF NEURORADIOLOGY
Diffusion Tensor Imaging Shows Different Topographic Involvement of the Thalamus in Progressive Supr,19589886,1354,2.164179104,590,90%,2009,AMERICAN JOURNAL OF NEURORADIOLOGY
MR Imaging Features of Isolated Cortical Vein Thrombosis: Diagnosis and Follow-Up,19095790,1357,2.164179104,590,90%,2009,AMERICAN JOURNAL OF NEURORADIOLOGY
Proton MR Spectroscopy Improves Discrimination between Tumor and Pseudotumoral Lesion in Solid Brain,19095788,1369,2.164179104,590,90%,2009,AMERICAN JOURNAL OF NEURORADIOLOGY
Natural History of Acute Stroke due to Occlusion of the Middle Cerebral Artery and Intracranial Inte,24251821,4266,2.160101652,595,90%,2014,JOURNAL OF NEUROIMAGING
The Added Value of Apparent Diffusion Coefficient to Cerebral Blood Volume in the Preoperative Gradi,22207304,2276,2.16,596,90%,2012,AMERICAN JOURNAL OF NEURORADIOLOGY
"Correlations between Perfusion MR Imaging Cerebral Blood Volume, Microvessel Quantification, and Cli",22095961,2282,2.16,596,90%,2012,AMERICAN JOURNAL OF NEURORADIOLOGY
Cerebral amyloid angiopathy-related inflammation: imaging findings and clinical outcome,24493378,5716,2.156057495,598,90%,2014,NEURORADIOLOGY
Diffusion-weighted MR imaging of viral encephalitis,16944118,4670,2.145922747,599,90%,2006,NEURORADIOLOGY
3D CT-based cephalometric analysis: 3D cephalometric theoretical concept and software,17009024,4685,2.145922747,599,90%,2006,NEURORADIOLOGY
Management of pseudoaneurysms in the intracranial segment of the internal carotid artery with covere,16944121,4704,2.145922747,599,90%,2006,NEURORADIOLOGY
Cerebral metabolic and structural alterations in hereditary spastic paraplegia with thin corpus call,17013586,4711,2.145922747,599,90%,2006,NEURORADIOLOGY
MR diffusion tensor imaging and fiber tracking in 5 spinal cord astrocytomas,16418387,422,2.142857143,603,90%,2006,AMERICAN JOURNAL OF NEURORADIOLOGY
The use of balloon-expandable stents in the management of intracranial arterial diseases: A 5-year s,16219843,105,2.14,604,90%,2005,AMERICAN JOURNAL OF NEURORADIOLOGY
Risk Analysis of Unruptured Aneurysms Using Computational Fluid Dynamics Technology: Preliminary Res,21903914,1937,2.14,604,90%,2011,AMERICAN JOURNAL OF NEURORADIOLOGY
Detection and Classification of Cranial Dural Arteriovenous Fistulas Using 4D-CT Angiography: Initia,20966056,1955,2.14,604,90%,2011,AMERICAN JOURNAL OF NEURORADIOLOGY
In Vivo Correlation of Tumor Blood Volume and Permeability with Histologic and Molecular Angiogenic,21071537,1960,2.14,604,90%,2011,AMERICAN JOURNAL OF NEURORADIOLOGY
Diffusion-weighted magnetic resonance imaging of spinal infection and malignancy,15746229,3611,2.13963964,608,90%,2005,JOURNAL OF NEUROIMAGING
Perfusion imaging of brain tumors using arterial spin-labeling: Correlation with histopathologic vas,18184842,1033,2.13592233,609,90%,2008,AMERICAN JOURNAL OF NEURORADIOLOGY
Language dysfunction after stroke and damage to white matter tracts evaluated using diffusion tensor,18039757,1048,2.13592233,609,90%,2008,AMERICAN JOURNAL OF NEURORADIOLOGY
Clinical characteristics and MR imaging features of nonalcoholic Wernicke encephalopathy,18192344,1067,2.13592233,609,90%,2008,AMERICAN JOURNAL OF NEURORADIOLOGY
Cerebral white matter damage in frontotemporal dementia assessed by diffusion tensor tractography,18379765,4999,2.135774218,612,90%,2008,NEURORADIOLOGY
Early and midterm results of complex cerebral aneurysms treated with Silk stent,22695740,5421,2.132701422,613,90%,2012,NEURORADIOLOGY
"The clot burden score, the Boston Acute Stroke Imaging Scale, the cerebral blood volume ASPECTS, and",21904832,5422,2.132701422,613,90%,2012,NEURORADIOLOGY
The Relationship between Normal Cerebral Perfusion Patterns and White Matter Lesion Distribution in,21447022,4083,2.130177515,615,90%,2012,JOURNAL OF NEUROIMAGING
Diffusion Tensor Imaging of Corpus Callosum Integrity in Multiple Sclerosis: Correlation with Diseas,21122007,4087,2.130177515,615,90%,2012,JOURNAL OF NEUROIMAGING
Impact of Time-to-Reperfusion on Outcome in Patients with Poor Collaterals,25376808,3307,2.123893805,617,90%,2015,AMERICAN JOURNAL OF NEURORADIOLOGY
The Computational Fluid Dynamics Rupture Challenge 2013-Phase I: Prediction of Rupture Status in Int,25500315,3310,2.123893805,617,90%,2015,AMERICAN JOURNAL OF NEURORADIOLOGY
Non-Gaussian Analysis of Diffusion-Weighted MR Imaging in Head and Neck Squamous Cell Carcinoma: A F,20037133,1619,2.123142251,619,90%,2010,AMERICAN JOURNAL OF NEURORADIOLOGY
Perfusion CT in Acute lschemic Stroke: A Qualitative and Quantitative Comparison of Deconvolution an,20581066,1628,2.123142251,619,90%,2010,AMERICAN JOURNAL OF NEURORADIOLOGY
Proton magnetic resonance spectroscopy in school-aged autistic children,18304036,3773,2.123142251,619,90%,2008,JOURNAL OF NEUROIMAGING
Diffusion tensor tractography-based analysis of the pyramidal tract in patients with amyotrophic lat,18808655,3778,2.123142251,619,90%,2008,JOURNAL OF NEUROIMAGING
Prognostic value of CT angiography in patients with suspected vertebrobasilar ischemia,18190495,3786,2.123142251,619,90%,2008,JOURNAL OF NEUROIMAGING
Water Exchange across the Blood-Brain Barrier in Obstructive Sleep Apnea: An MRI Diffusion-Weighted,26333175,4375,2.119700748,624,89%,2015,JOURNAL OF NEUROIMAGING
Temporal Lobe Epilepsy with Unilateral Amygdala Enlargement: Morphometric MR Analysis with Clinical,24593820,4378,2.119700748,624,89%,2015,JOURNAL OF NEUROIMAGING
Quantification of Global Cerebral Atrophy in Multiple Sclerosis from 3T MRI Using SPM: The Role of M,25523616,4379,2.119700748,624,89%,2015,JOURNAL OF NEUROIMAGING
Usefulness of Proton and Phosphorus MR Spectroscopic Imaging for Early Diagnosis of Parkinson's Dise,24325203,4380,2.119700748,624,89%,2015,JOURNAL OF NEUROIMAGING
Jugular Venous Flow Abnormalities in Multiple Sclerosis Patients Compared to Normal Controls,25316522,4381,2.119700748,624,89%,2015,JOURNAL OF NEUROIMAGING
Frequency of Bilateral Hypertrophic Olivary Degeneration in a Large Retrospective Cohort,24716899,4383,2.119700748,624,89%,2015,JOURNAL OF NEUROIMAGING
Diffusion tensor imaging in Joubert syndrome,17898198,740,2.113702624,630,89%,2007,AMERICAN JOURNAL OF NEURORADIOLOGY
MR angiography of dural arteriovenous fistulas: Diagnosis and follow-up after treatment using a time,17494662,744,2.113702624,630,89%,2007,AMERICAN JOURNAL OF NEURORADIOLOGY
Role of perfusion CT in glioma grading and comparison with conventional MR imaging features,17893216,747,2.113702624,630,89%,2007,AMERICAN JOURNAL OF NEURORADIOLOGY
"Dural arteriovenous fistulas with cortical venous drainage: Incidence, clinical presentation, and tr",17416815,762,2.113702624,630,89%,2007,AMERICAN JOURNAL OF NEURORADIOLOGY
Angiographic follow-up of traumatic carotid cavernous fistulas treated with endovascular stent graft,17297009,776,2.113702624,630,89%,2007,AMERICAN JOURNAL OF NEURORADIOLOGY
Treatment of Acute Vertebrobasilar Occlusion Using Thrombectomy with Stent Retrievers: Initial Exper,23124642,2628,2.11,635,89%,2013,AMERICAN JOURNAL OF NEURORADIOLOGY
Correlation of MRI-Derived Apparent Diffusion Coefficients in Newly Diagnosed Gliomas with [F-18]-Fl,23079407,2638,2.11,635,89%,2013,AMERICAN JOURNAL OF NEURORADIOLOGY
Correlation of quantitative sensorimotor tractography with clinical grade of cerebral palsy,20405112,5214,2.107925801,637,89%,2010,NEURORADIOLOGY
Preoperative Prognostic Value of MRI Findings in 108 Patients with Idiopathic Normal Pressure Hydroc,20405112,2967,2.1,638,89%,2014,AMERICAN JOURNAL OF NEURORADIOLOGY
Generalized versus Patient-Specific Inflow Boundary Conditions in Computational Fluid Dynamics Simul,24651816,2978,2.1,638,89%,2014,AMERICAN JOURNAL OF NEURORADIOLOGY
Diffusional Kurtosis Imaging of the Developing Brain,24231848,2983,2.1,638,89%,2014,AMERICAN JOURNAL OF NEURORADIOLOGY
Differential diagnosis of parkinsonian syndromes using F-18 fluorodeoxyglucose positron emission tom,23314836,5561,2.091254753,641,89%,2013,NEURORADIOLOGY
"The persistent trigeminal artery: development, imaging anatomy, variants, and associated vascular pa",22170080,5566,2.091254753,641,89%,2013,NEURORADIOLOGY
Intracranial artery velocity measurement using 4D PC MRI at 3 T: comparison with transcranial ultras,23143179,5569,2.091254753,641,89%,2013,NEURORADIOLOGY
Solitaire AB stent-assisted coiling of wide-necked intracranial aneurysms: short-term results from a,24057085,5574,2.091254753,641,89%,2013,NEURORADIOLOGY
Differentiation of Hemorrhage from Iodinated Contrast in Different Intracranial Compartments Using D,22268092,2272,2.09,645,89%,2012,AMERICAN JOURNAL OF NEURORADIOLOGY
The Role of Preload and Leakage Correction in Gadolinium-Based Cerebral Blood Volume Estimation Dete,22322605,2279,2.09,645,89%,2012,AMERICAN JOURNAL OF NEURORADIOLOGY
Individual Detection of Patients with Parkinson Disease using Support Vector Machine Analysis of Dif,22653326,2284,2.09,645,89%,2012,AMERICAN JOURNAL OF NEURORADIOLOGY
Carotid Plaque Neovascularization and Hemorrhage Detected by MR Imaging are Associated with Recent C,22194363,2285,2.09,645,89%,2012,AMERICAN JOURNAL OF NEURORADIOLOGY
Long-Term Follow-Up of 1036 Cerebral Aneurysms Treated by Bare Coils: A Multicentric Cohort Treated,19679641,1349,2.089552239,649,89%,2009,AMERICAN JOURNAL OF NEURORADIOLOGY
Parenchymal abnormalities associated with developmental venous anomalies,17703296,4889,2.085308057,650,89%,2007,NEURORADIOLOGY
Diffusion-weighted imaging and proton MR spectroscopy in the characterization of acute disseminated,17131116,4898,2.085308057,650,89%,2007,NEURORADIOLOGY
Focal atrophy and cerebrovascular disease increase dementia risk among cognitively normal older adul,17441836,3721,2.083333333,652,89%,2007,JOURNAL OF NEUROIMAGING
Measuring Myelin Repair and Axonal Loss with Diffusion Tensor Imaging,20947644,1940,2.08,653,89%,2011,AMERICAN JOURNAL OF NEURORADIOLOGY
Joubert Syndrome and Related Disorders: Spectrum of Neuroimaging Findings in 75 Patients,21680654,1944,2.08,653,89%,2011,AMERICAN JOURNAL OF NEURORADIOLOGY
Brain Perfusion in Asphyxiated Newborns Treated with Therapeutic Hypothermia,21979494,1956,2.08,653,89%,2011,AMERICAN JOURNAL OF NEURORADIOLOGY
Novel Y Stent Flow Diversion Technique for the Endovascular Treatment of Bifurcation Aneurysms witho,21527573,1968,2.08,653,89%,2011,AMERICAN JOURNAL OF NEURORADIOLOGY
Diffusion tensor Imaging in patients with essential tremor,17921227,1056,2.071197411,657,89%,2008,AMERICAN JOURNAL OF NEURORADIOLOGY
Can proton MR spectroscopic and perfusion imaging differentiate between neoplastic and nonneoplastic,18055564,1058,2.071197411,657,89%,2008,AMERICAN JOURNAL OF NEURORADIOLOGY
Accuracy of the Alberta Stroke Program Early CT Score during the first 3 hours of middle cerebral ar,18272553,1059,2.071197411,657,89%,2008,AMERICAN JOURNAL OF NEURORADIOLOGY
Monitoring of clopidogrel-related platelet inhibition: Correlation of nonresponse with clinical outc,18223094,1076,2.071197411,657,89%,2008,AMERICAN JOURNAL OF NEURORADIOLOGY
Dissection of the extracranial vertebral artery: Clinical findings and early noninvasive diagnosis i,16483273,3671,2.065404475,661,89%,2006,JOURNAL OF NEUROIMAGING
Stroke patients with cardiac atrial septal abnormalities: Differential infarct patterns on DWI,17032383,3672,2.065404475,661,89%,2006,JOURNAL OF NEUROIMAGING
SWI or T2*: Which MRI Sequence to Use in the Detection of Cerebral Microbleeds? The Karolinska Imagi,25698623,3308,2.064896755,663,89%,2015,AMERICAN JOURNAL OF NEURORADIOLOGY
Imaging the Intracranial Atherosclerotic Vessel Wall Using 7T MRI: Initial Comparison with Histopath,25477359,3313,2.064896755,663,89%,2015,AMERICAN JOURNAL OF NEURORADIOLOGY
Brain MRI in neurodegeneration with brain iron accumulation with and without PANK2 mutations,16775270,391,2.063492063,665,89%,2006,AMERICAN JOURNAL OF NEURORADIOLOGY
Early biomarkers from dynamic contrast-enhanced magnetic resonance imaging to predict the response t,26364181,5836,2.06185567,666,89%,2015,NEURORADIOLOGY
Disease-specific structural changes in thalamus and dentatorubrothalamic tract in progressive supran,26253801,5837,2.06185567,666,89%,2015,NEURORADIOLOGY
Diffusion tensor MR imaging of white matter integrity in HIV-positive patients with planning deficit,25604843,5838,2.06185567,666,89%,2015,NEURORADIOLOGY
CNS imaging findings associated with Parry-Romberg syndrome and en coup de sabre: correlation to der,25304124,5840,2.06185567,666,89%,2015,NEURORADIOLOGY
MR imaging correlates of survival in patients with high-grade gliomas,16286386,2,2.06,670,89%,2005,AMERICAN JOURNAL OF NEURORADIOLOGY
Hemodynamic and permeability changes in posterior reversible encephalopathy syndrome measured by dyn,15814928,31,2.06,670,89%,2005,AMERICAN JOURNAL OF NEURORADIOLOGY
Intraforaminal O-2-O-3 versus periradicular steroidal infiltrations in lower back pain: Randomized c,15891150,61,2.06,670,89%,2005,AMERICAN JOURNAL OF NEURORADIOLOGY
Prediction of hemorrhagic transformation in acute ischemic stroke: Role of diffusion-weighted imagin,15891158,71,2.06,670,89%,2005,AMERICAN JOURNAL OF NEURORADIOLOGY
Preliminary experience with Leo self-expanding stent for the treatment of intracranial aneurysms,16286403,86,2.06,670,89%,2005,AMERICAN JOURNAL OF NEURORADIOLOGY
Intracranial arterial aneurysm vasculopathies: targeting the outer vessel wall,16136262,4522,2.054794521,675,89%,2005,NEURORADIOLOGY
Carotid bifurcation calcium and correlation with percent stenosis of the internal carotid artery on,15650832,4534,2.054794521,675,89%,2005,NEURORADIOLOGY
Advances in endovascular aneurysm treatment: are we making a difference?,16028035,4566,2.054794521,675,89%,2005,NEURORADIOLOGY
Discrimination between glioma grades II and III in suspected low-grade gliomas using dynamic contras,25204450,5713,2.05338809,678,89%,2014,NEURORADIOLOGY
Clinical experience with the pREset stent retriever for the treatment of acute ischemic stroke-a rev,24619135,5715,2.05338809,678,89%,2014,NEURORADIOLOGY
Adaptive statistical iterative reconstruction reduces patient radiation dose in neuroradiology CT st,24384672,5718,2.05338809,678,89%,2014,NEURORADIOLOGY
A Prospective Study of Fetuses with Isolated Ventriculomegaly Investigated by Antenatal Sonography a,19762458,1622,2.052370842,681,89%,2010,AMERICAN JOURNAL OF NEURORADIOLOGY
Brain Arteriovenous Malformation Treatment Using a Combination of Onyx and a New Detachable Tip Micr,20190210,1631,2.052370842,681,89%,2010,AMERICAN JOURNAL OF NEURORADIOLOGY
Transvenous Embolization of Dural Carotid Cavernous Fistulas: A Series of 44 Consecutive Patients,19959773,1632,2.052370842,681,89%,2010,AMERICAN JOURNAL OF NEURORADIOLOGY
Functional Contrast-Enhanced CT for Evaluation of Acute Ischemic Stroke Does Not Increase the Risk o,20044502,1641,2.052370842,681,89%,2010,AMERICAN JOURNAL OF NEURORADIOLOGY
Perfusion CT in Hyperacute Cerebral Hemorrhage Within 3 Hours after Symptom Onset: Is There an Early,19686316,3919,2.052238806,685,88%,2010,JOURNAL OF NEUROIMAGING
CT angiography and perfusion CT in cerebral vasospasm after subarachnoid hemorrhage,17416833,760,2.040816327,686,88%,2007,AMERICAN JOURNAL OF NEURORADIOLOGY
Evaluation of carotid artery stenosis with multisection CT and MR imaging: Influence of imaging moda,17213434,796,2.040816327,686,88%,2007,AMERICAN JOURNAL OF NEURORADIOLOGY
Diffusion-Weighted MRI: Distinction of Skull Base Chordoma from Chondrosarcoma,23124635,2629,2.04,688,88%,2013,AMERICAN JOURNAL OF NEURORADIOLOGY
The Woven EndoBridge Cerebral Aneurysm Embolization Device (WEB II): initial clinical experience,21617885,5311,2.03892493,689,88%,2011,NEURORADIOLOGY
Carotid Artery Dissection due to Elongated Styloid Process: A Self-Stabbing Phenomenon,23163559,4267,2.033036849,690,88%,2014,JOURNAL OF NEUROIMAGING
Brain Metastases from Prostate Cancer: An 11-Year Analysis in the MRI Era with Emphasis on Imaging C,23279641,4268,2.033036849,690,88%,2014,JOURNAL OF NEUROIMAGING
Voxel-Based Morphometry and Diffusion Tensor Imaging of the Optic Pathway in Primary Open-Angle Glau,22116110,2291,2.03,692,88%,2012,AMERICAN JOURNAL OF NEURORADIOLOGY
White Matter Alteration in Idiopathic Normal Pressure Hydrocephalus: Tract-Based Spatial Statistics,22016412,2309,2.03,692,88%,2012,AMERICAN JOURNAL OF NEURORADIOLOGY
Cerecyte Coil Trial: Procedural Safety and Clinical Outcomes in Patients with Ruptured and Unrupture,22207299,2318,2.03,692,88%,2012,AMERICAN JOURNAL OF NEURORADIOLOGY
Diffusion-Weighted Imaging of Orbital Masses: Multi-Institutional Data Support a 2-ADC Threshold Mod,23868150,2970,2.03,692,88%,2014,AMERICAN JOURNAL OF NEURORADIOLOGY
"Comparison of Multiple Parameters Obtained on 3T Pulsed Arterial Spin-Labeling, Diffusion Tensor Ima",24994829,2984,2.03,692,88%,2014,AMERICAN JOURNAL OF NEURORADIOLOGY
Localized cerebral blood flow reductions in patients with heart failure: A study using Tc-99m-HMPAO,15746227,3608,2.027027027,697,88%,2005,JOURNAL OF NEUROIMAGING
C-arm flat detector computed tomography: the technique and its applications in interventional neuro-,19859702,5209,2.023608769,698,88%,2010,NEURORADIOLOGY
Cognitive Functions and White Matter Tract Damage in Amyotrophic Lateral Sclerosis: A Diffusion Tens,22016410,1951,2.02,699,88%,2011,AMERICAN JOURNAL OF NEURORADIOLOGY
Contrast-Enhanced Angiographic Cone-Beam CT of Cerebrovascular Stents: Experimental Optimization and,20966059,1963,2.02,699,88%,2011,AMERICAN JOURNAL OF NEURORADIOLOGY
Higher Degrees of Recanalization after Mechanical Thrombectomy for Acute Stroke Are Associated with,21960499,1983,2.02,699,88%,2011,AMERICAN JOURNAL OF NEURORADIOLOGY
Cerebral CT Perfusion Using an Interventional C-Arm Imaging System: Cerebral Blood Flow Measurements,21757522,1992,2.02,699,88%,2011,AMERICAN JOURNAL OF NEURORADIOLOGY
The Effect of Exercise on the Cerebral Vasculature of Healthy Aged Subjects as Visualized by MR Angi,19589885,1344,2.014925373,703,88%,2009,AMERICAN JOURNAL OF NEURORADIOLOGY
Complications Related to Percutaneous Transarterial Embolization of Intracranial Dural Arteriovenous,19131416,1396,2.014925373,703,88%,2009,AMERICAN JOURNAL OF NEURORADIOLOGY
Optic Nerve Sonography to Monitor Treatment Efficacy in Idiopathic Intracranial Hypertension: A Case,23320847,4158,2.014652015,705,88%,2013,JOURNAL OF NEUROIMAGING
Double-Barrel Stent-Assisted Coiling of a Basilar Artery Fenestration Aneurysm,22607550,4162,2.014652015,705,88%,2013,JOURNAL OF NEUROIMAGING
"Comparison of Magnetic Resonance Angiography Scans on 1.5, 3, and 7 Tesla Units: A Quantitative Stud",21447031,4166,2.014652015,705,88%,2013,JOURNAL OF NEUROIMAGING
Imaging of endolymphatic and perilymphatic fluid at 3T after intratympanic administration of gadolin,18184846,1087,2.006472492,708,88%,2008,AMERICAN JOURNAL OF NEURORADIOLOGY
Association of Developmental Venous Anomalies with Perfusion Abnormalities on Arterial Spin Labeling,24717021,4382,1.995012469,709,88%,2015,JOURNAL OF NEUROIMAGING
Bovine aortic arch variant in humans: Clarification of a common misnomer,16908576,379,1.984126984,710,88%,2006,AMERICAN JOURNAL OF NEURORADIOLOGY
Do cerebral blood volume and contrast transfer coefficient predict prognosis in human glioma?,16611778,384,1.984126984,710,88%,2006,AMERICAN JOURNAL OF NEURORADIOLOGY
Proton MR spectroscopy in neonates with perinatal cerebral hypoxic-ischemic injury: Metabolite peak-,16908578,401,1.984126984,710,88%,2006,AMERICAN JOURNAL OF NEURORADIOLOGY
Saccular aneurysms on straight and curved vessels are subject to different hemodynamics: Implication,17032857,403,1.984126984,710,88%,2006,AMERICAN JOURNAL OF NEURORADIOLOGY
Diagnosing carotid stenosis near-occlusion by using CT angiography,16552007,454,1.984126984,710,88%,2006,AMERICAN JOURNAL OF NEURORADIOLOGY
"An automated procedure for the assessment of white matter hyperintensities by multispectral (T1, T2,",17938898,5000,1.983218917,715,88%,2008,NEURORADIOLOGY
Artery of Percheron Infarction: Imaging Patterns and Clinical Spectrum,20299438,1612,1.981599434,716,88%,2010,AMERICAN JOURNAL OF NEURORADIOLOGY
Solitaire Flow-Restoration Device for Treatment of Acute Ischemic Stroke: Safety and Recanalization,20634306,1637,1.981599434,716,88%,2010,AMERICAN JOURNAL OF NEURORADIOLOGY
"Tract-Based Analysis of Callosal, Projection, and Association Pathways in Pediatric Patients with Mu",19850763,1657,1.981599434,716,88%,2010,AMERICAN JOURNAL OF NEURORADIOLOGY
Automated detection of multiple sclerosis lesions in serial brain MRI,22179659,5419,1.974723539,719,88%,2012,NEURORADIOLOGY
Angiographic assessment of pial collaterals as a prognostic indicator following intra-arterial throm,16091531,3,1.97,720,88%,2005,AMERICAN JOURNAL OF NEURORADIOLOGY
Angioplasty and stenting in carotid dissection with or without associated pseudoaneurysm,16219841,29,1.97,720,88%,2005,AMERICAN JOURNAL OF NEURORADIOLOGY
Diffusion-weighted imaging of fungal cerebral infection,15891169,46,1.97,720,88%,2005,AMERICAN JOURNAL OF NEURORADIOLOGY
Coil thickness and packing of cerebral aneurysms: A comparative study of two types of coils,15814941,99,1.97,720,88%,2005,AMERICAN JOURNAL OF NEURORADIOLOGY
Intracranial aneurysms treated with Guglielmi detachable coils: Usefulness of 6-month imaging follow,15760858,140,1.97,720,88%,2005,AMERICAN JOURNAL OF NEURORADIOLOGY
Efficacy and Safety of Flow Diversion for Paraclinoid Aneurysms: A Matched-Pair Analysis Compared wi,22790243,2288,1.97,720,88%,2012,AMERICAN JOURNAL OF NEURORADIOLOGY
Diagnostic Accuracy of 4D-CT for Parathyroid Adenomas and Hyperplasia,22135127,2294,1.97,720,88%,2012,AMERICAN JOURNAL OF NEURORADIOLOGY
Investigation of Long-Term Reproducibility of Intrinsic Connectivity Network Mapping: A Resting-Stat,22268094,2297,1.97,720,88%,2012,AMERICAN JOURNAL OF NEURORADIOLOGY
The Impact of Lesion In-Painting and Registration Methods on Voxel-Based Morphometry in Detecting Re,22460341,2302,1.97,720,88%,2012,AMERICAN JOURNAL OF NEURORADIOLOGY
4D Digital Subtraction Angiography: Implementation and Demonstration of Feasibility,23620072,2631,1.97,720,88%,2013,AMERICAN JOURNAL OF NEURORADIOLOGY
Reduction of Coil Mass Artifacts in High-Resolution Flat Detector Conebeam CT of Cerebral Stent-Assi,23721899,2652,1.97,720,88%,2013,AMERICAN JOURNAL OF NEURORADIOLOGY
Apparent diffusion coefficient mapping of salivary gland tumors: Prediction of the benignancy and ma,17213436,722,1.967930029,731,88%,2007,AMERICAN JOURNAL OF NEURORADIOLOGY
Diagnostic value of multidetector-row CT angiography in the evaluation of thrombosis of the cerebral,17494676,742,1.967930029,731,88%,2007,AMERICAN JOURNAL OF NEURORADIOLOGY
Human subinsular asymmetry studied by diffusion tensor Imaging and fiber tracking,17846205,761,1.967930029,731,88%,2007,AMERICAN JOURNAL OF NEURORADIOLOGY
Endovascular treatment of middle cerebral artery aneurysms as first option: A single center experien,17846214,779,1.967930029,731,88%,2007,AMERICAN JOURNAL OF NEURORADIOLOGY
Endovascular Treatment Using Predominantly Stent-Assisted Coil Embolization and Antiplatelet and Ant,21372169,1954,1.96,735,88%,2011,AMERICAN JOURNAL OF NEURORADIOLOGY
Hemorrhagic Complications after Endovascular Treatment of Cerebral Arteriovenous Malformations,24676002,2989,1.96,735,88%,2014,AMERICAN JOURNAL OF NEURORADIOLOGY
Quantitative T1 and T2 mapping in recurrent glioblastomas under bevacizumab: earlier detection of tu,25287076,5835,1.958762887,737,88%,2015,NEURORADIOLOGY
Pathways of cerebrospinal fluid outflow: a deeper understanding of resorption,25398655,5839,1.958762887,737,88%,2015,NEURORADIOLOGY
Conventional 3T brain MRI and diffusion tensor imaging in the diagnostic workup of early stage parki,25845807,5842,1.958762887,737,88%,2015,NEURORADIOLOGY
Stent-Assisted Coiling of Wide-Neck Intracranial Aneurysms Using Low-Profile LEO Baby Stents: Initia,26021624,3311,1.946902655,740,88%,2015,AMERICAN JOURNAL OF NEURORADIOLOGY
Extra-Aneurysmal Flow Modification Following Pipeline Embolization Device Implantation: Focus on Reg,25523592,3319,1.946902655,740,88%,2015,AMERICAN JOURNAL OF NEURORADIOLOGY
Quantitative estimation of permeability surface-area product in astroglial brain tumors using perfus,18202239,1049,1.941747573,742,88%,2008,AMERICAN JOURNAL OF NEURORADIOLOGY
Neurologic complications of arteriovenous malformation embolization using liquid embolic agents,17974613,1084,1.941747573,742,88%,2008,AMERICAN JOURNAL OF NEURORADIOLOGY
Crossed Cerebellar Diaschisis in Acute Stroke Detected by Dynamic Susceptibility Contrast MR Perfusi,19193758,1359,1.940298507,744,87%,2009,AMERICAN JOURNAL OF NEURORADIOLOGY
Endovascular Coil Embolization of 435 Small Asymptomatic Unruptured Intracranial Aneurysms: Procedur,18768715,1377,1.940298507,744,87%,2009,AMERICAN JOURNAL OF NEURORADIOLOGY
Imaging Findings of Extraventricular Neurocytoma: Report of 3 Cases and Review of the Literature,18842767,1384,1.940298507,744,87%,2009,AMERICAN JOURNAL OF NEURORADIOLOGY
Utility of susceptibility-weighted MRI in differentiating Parkinson's disease and atypical parkinson,20358367,5201,1.939291737,747,87%,2010,NEURORADIOLOGY
Current concepts of polymicrogyria,20198472,5203,1.939291737,747,87%,2010,NEURORADIOLOGY
Imaging pattern of intracranial hemorrhage in the setting of posterior reversible encephalopathy syn,19956935,5207,1.939291737,747,87%,2010,NEURORADIOLOGY
Is sequential cranial ultrasound reliable for detection of white matter injury in very preterm infan,20213135,5224,1.939291737,747,87%,2010,NEURORADIOLOGY
Coil embolization of anterior circulation aneurysms supported by the Solitaire (TM) AB Neurovascular,19644683,5227,1.939291737,747,87%,2010,NEURORADIOLOGY
Evaluation of CSF flow patterns of posterior fossa cystic malformations using CSF flow MR imaging,16752134,4679,1.931330472,752,87%,2006,NEURORADIOLOGY
Regional brain metabolite abnormalities in inherited prion disease and asymptomatic gene carriers de,16598479,4730,1.931330472,752,87%,2006,NEURORADIOLOGY
Intraarterial injection of colforsin daropate hydrochloride for the treatment of vasospasm after ane,16261335,4765,1.931330472,752,87%,2006,NEURORADIOLOGY
Differential diagnosis of mesiotemporal lesions: case report of neurosyphilis,16021441,4547,1.917808219,755,87%,2005,NEURORADIOLOGY
Development of an MRI rating scale for multiple brain regions: comparison with volumetrics and with,19308367,5113,1.917177914,757,87%,2009,NEURORADIOLOGY
Clinical and MRI Characteristics of Levamisole-Induced Leukoencephalopathy in 16 Patients,19187474,3839,1.913043478,758,87%,2009,JOURNAL OF NEUROIMAGING
Regional Distribution and Clinical Correlates of White Matter Structural Damage in Huntington Diseas,20488902,1635,1.910828025,759,87%,2010,AMERICAN JOURNAL OF NEURORADIOLOGY
Clinical and Radiological Features of Rotavirus Cerebellitis,20507935,1651,1.910828025,759,87%,2010,AMERICAN JOURNAL OF NEURORADIOLOGY
Dynamic 320-Section CT Angiography in Cranial Arteriovenous Shunting Lesions,19875470,1659,1.910828025,759,87%,2010,AMERICAN JOURNAL OF NEURORADIOLOGY
Decreased Left Posterior Insular Activity during Auditory Language in Autism,19749222,1660,1.910828025,759,87%,2010,AMERICAN JOURNAL OF NEURORADIOLOGY
Detection of right-to-left shunts: Comparison between the international consensus and Spencer Logari,18333839,3770,1.910828025,759,87%,2008,JOURNAL OF NEUROIMAGING
Atypical Wernicke's encephalopathy showing lesions in the cranial nerve nuclei and cerebellum,18298680,3784,1.910828025,759,87%,2008,JOURNAL OF NEUROIMAGING
Magnetic resonance imaging traits in siblings discordant for Alzheimer disease,18808654,3787,1.910828025,759,87%,2008,JOURNAL OF NEUROIMAGING
A Validation Study of Multicenter Diffusion Tensor Imaging: Reliability of Fractional Anisotropy and,22173748,2280,1.91,766,87%,2012,AMERICAN JOURNAL OF NEURORADIOLOGY
Detection of Microhemorrhage in Posterior Reversible Encephalopathy Syndrome Using Susceptibility-We,22241378,2292,1.91,766,87%,2012,AMERICAN JOURNAL OF NEURORADIOLOGY
Diffusion Tensor-MRI Evidence for Extra-Axonal Neuronal Degeneration in Caudate and Thalamic Nuclei,22383236,2299,1.91,766,87%,2012,AMERICAN JOURNAL OF NEURORADIOLOGY
Effects of Flow-Diverting Device Oversizing on Hemodynamics Alteration in Cerebral Aneurysms,22555581,2311,1.91,766,87%,2012,AMERICAN JOURNAL OF NEURORADIOLOGY
Three-dimensional time-of-flight MR angiography at 3 T compared to digital subtraction angiography i,18196229,5027,1.906941266,770,87%,2008,NEURORADIOLOGY
Voxel-Based Morphometry of Disproportionate Cerebrospinal Fluid Space Distribution for the Different,24033752,4269,1.905972046,771,87%,2014,JOURNAL OF NEUROIMAGING
Diffusion tensor imaging in the assessment of normal-appearing brain tissue damage in relapsing neur,16687534,404,1.904761905,772,87%,2006,AMERICAN JOURNAL OF NEURORADIOLOGY
A method for clustering white matter fiber tracts,16687538,405,1.904761905,772,87%,2006,AMERICAN JOURNAL OF NEURORADIOLOGY
Quantitative MR imaging R-2 relaxometry in elderly participants reporting memory loss,16484425,429,1.904761905,772,87%,2006,AMERICAN JOURNAL OF NEURORADIOLOGY
Diffusion-weighted MR imaging lesions after filter-protected stenting of high-grade symptomatic caro,16775290,461,1.904761905,772,87%,2006,AMERICAN JOURNAL OF NEURORADIOLOGY
Quantitative 3-T diffusion tensor imaging in detecting optic nerve degeneration in patients with gla,23358877,5572,1.901140684,776,87%,2013,NEURORADIOLOGY
Stent-Assisted Coiling of Complex Middle Cerebral Artery Aneurysms: Initial and Midterm Results,20966055,1967,1.9,777,87%,2011,AMERICAN JOURNAL OF NEURORADIOLOGY
Voxelwise Assessment of the Regional Distribution of Damage in the Brains of Patients with Multiple,21393405,1969,1.9,777,87%,2011,AMERICAN JOURNAL OF NEURORADIOLOGY
Comparison of 2-Year Angiographic Outcomes of Stent- and Nonstent-Assisted Coil Embolization in Unru,21852378,1995,1.9,777,87%,2011,AMERICAN JOURNAL OF NEURORADIOLOGY
Incidental Findings in Youths Volunteering for Brain MRI Research,23811972,2624,1.9,777,87%,2013,AMERICAN JOURNAL OF NEURORADIOLOGY
"Safety and Efficacy of Neuroform for Treatment of Intracranial Aneurysms: A Prospective, Consecutive",23348764,2636,1.9,777,87%,2013,AMERICAN JOURNAL OF NEURORADIOLOGY
"A Meta-Analysis of Observational Intra-Arterial Stroke Therapy Studies Using the Merci Device, Penum",22837311,2640,1.9,777,87%,2013,AMERICAN JOURNAL OF NEURORADIOLOGY
Performance of Iterative Image Reconstruction in CT of the Paranasal Sinuses: A Phantom Study,23221946,2643,1.9,777,87%,2013,AMERICAN JOURNAL OF NEURORADIOLOGY
Predictors of Functional Outcome after Emergency Carotid Artery Stenting and Intra-Arterial Thrombol,23139078,2644,1.9,777,87%,2013,AMERICAN JOURNAL OF NEURORADIOLOGY
Recanalization after endovascular treatment of intracerebral aneurysms,17094000,4892,1.895734597,785,87%,2007,NEURORADIOLOGY
Sinus pericranii: diagnostic and therapeutic considerations in 15 patients,17285338,4896,1.895734597,785,87%,2007,NEURORADIOLOGY
Regional cerebral blood flow using quantitative MR angiography,17846193,739,1.895043732,787,87%,2007,AMERICAN JOURNAL OF NEURORADIOLOGY
Imaging degeneration of the substantia nigra in Parkinson disease with inversion-recovery MR imaging,17297002,768,1.895043732,787,87%,2007,AMERICAN JOURNAL OF NEURORADIOLOGY
"Changes in fiber integrity, diffusivity, and metabolism of the pyramidal tract adjacent to gliomas:",17353313,792,1.895043732,787,87%,2007,AMERICAN JOURNAL OF NEURORADIOLOGY
Detection and Significance of Incidental Unruptured Cerebral Aneurysms in Patients Undergoing Intrav,21143548,4091,1.893491124,790,87%,2012,JOURNAL OF NEUROIMAGING
Incorrect needle position during lumbar epidural steroid administration: Inaccuracy of loss of air p,15760856,64,1.89,791,87%,2005,AMERICAN JOURNAL OF NEURORADIOLOGY
Percutaneous vertebroplasty for metastatic involvement of the axis,16091507,75,1.89,791,87%,2005,AMERICAN JOURNAL OF NEURORADIOLOGY
Treatment and follow-up of 22 unruptured wide-necked intracranial aneurysms of the internal carotid,16155133,77,1.89,791,87%,2005,AMERICAN JOURNAL OF NEURORADIOLOGY
High fractional anisotropy in brain abscesses versus other cystic intracranial lesions,15891168,83,1.89,791,87%,2005,AMERICAN JOURNAL OF NEURORADIOLOGY
Diffusion tractography of the cervical spinal cord by using parallel imaging,15709143,118,1.89,791,87%,2005,AMERICAN JOURNAL OF NEURORADIOLOGY
Diffusion Measures Indicate Fight Exposure-Related Damage to Cerebral White Matter in Boxers and Mix,23928146,2990,1.89,791,87%,2014,AMERICAN JOURNAL OF NEURORADIOLOGY
4D-CT for Preoperative Localization of Abnormal Parathyroid Glands in Patients with Hyperparathyroid,27515539,2991,1.89,791,87%,2014,AMERICAN JOURNAL OF NEURORADIOLOGY
Acute Basilar Artery Occlusion: Outcome of Mechanical Thrombectomy with Solitaire Stent within 8 Hou,24335542,2996,1.89,791,87%,2014,AMERICAN JOURNAL OF NEURORADIOLOGY
Treatment of Cavernous Sinus Aneurysms with Flow Diversion: Results in 44 Patients,24356675,2999,1.89,791,87%,2014,AMERICAN JOURNAL OF NEURORADIOLOGY
Semiautomated Volumetric Measurement on Postcontrast MR Imaging for Analysis of Recurrent and Residu,23988756,3000,1.89,791,87%,2014,AMERICAN JOURNAL OF NEURORADIOLOGY
Qualitative and Quantitative Performance of F-18-FDG-PET/MRI versus F-18-FDG-PET/CT in Patients with,24924545,3003,1.89,791,87%,2014,AMERICAN JOURNAL OF NEURORADIOLOGY
"WEB Treatment of Intracranial Aneurysms: Feasibility, Complications, and 1-Month Safety Results with",25655876,3312,1.887905605,802,86%,2015,AMERICAN JOURNAL OF NEURORADIOLOGY
Complications in Stent-Assisted Endovascular Therapy of Ruptured Intracranial Aneurysms and Relevanc,26138136,3314,1.887905605,802,86%,2015,AMERICAN JOURNAL OF NEURORADIOLOGY
Nigrosome 1 Detection at 3T MRI for the Diagnosis of Early-Stage Idiopathic Parkinson Disease: Asses,26294646,3315,1.887905605,802,86%,2015,AMERICAN JOURNAL OF NEURORADIOLOGY
Diffusion-Weighted Imaging of the Head and Neck in Healthy Subjects: Reproducibility of ADC Values i,25258365,3316,1.887905605,802,86%,2015,AMERICAN JOURNAL OF NEURORADIOLOGY
MRI Texture Analysis Predicts p53 Status in Head and Neck Squamous Cell Carcinoma,25258367,3318,1.887905605,802,86%,2015,AMERICAN JOURNAL OF NEURORADIOLOGY
Visual Outcomes with Flow-Diverter Stents Covering the Ophthalmic Artery for Treatment of Internal C,25339649,3320,1.887905605,802,86%,2015,AMERICAN JOURNAL OF NEURORADIOLOGY
Primary cerebral lymphoma and glioblastoma multiforme: Differences in diffusion characteristics eval,18065516,1036,1.877022654,808,86%,2008,AMERICAN JOURNAL OF NEURORADIOLOGY
Diffusion tensor tractography of the Meyer loop in cases of temporal lobe resection for temporal lob,18451088,1078,1.877022654,808,86%,2008,AMERICAN JOURNAL OF NEURORADIOLOGY
MR imaging of papillary tumor of the pineal region,17925365,1099,1.877022654,808,86%,2008,AMERICAN JOURNAL OF NEURORADIOLOGY
Parry-Romberg Syndrome and Rasmussen Encephalitis: Possible Association. Clinical and Neuroimaging F,19555404,3987,1.872074883,811,86%,2011,JOURNAL OF NEUROIMAGING
MRI Findings in Lymphomatosis Cerebri: Description of a Case and Revision of the Literature,20345746,3990,1.872074883,811,86%,2011,JOURNAL OF NEUROIMAGING
"MRI-Defined Corpus Callosal Atrophy in Multiple Sclerosis: A Comparison of Volumetric Measurements,",25786805,4377,1.87032419,813,86%,2015,JOURNAL OF NEUROIMAGING
Diagnostic and Prognostic Impact of pc-ASPECTS Applied to Perfusion CT in the Basilar Artery Interna,24942473,4384,1.87032419,813,86%,2015,JOURNAL OF NEUROIMAGING
White Matter Hyperintensities and Mild Cognitive Impairment in Parkinson's Disease,25753576,4386,1.87032419,813,86%,2015,JOURNAL OF NEUROIMAGING
Cerebral Blood Volume Measurements by Perfusion-Weighted MR Imaging in Gliomas: Ready for Prime Time,19179427,1352,1.865671642,816,86%,2009,AMERICAN JOURNAL OF NEURORADIOLOGY
"Diffusion Tensor Imaging in Glioblastoma Multiforme and Brain Metastases: The Role of p, q, L, and F",18842762,1358,1.865671642,816,86%,2009,AMERICAN JOURNAL OF NEURORADIOLOGY
Cranial Dural Arteriovenous Fistula: Diagnosis and Classification with Time-Resolved MR Angiography,19474117,1360,1.865671642,816,86%,2009,AMERICAN JOURNAL OF NEURORADIOLOGY
3T MR Imaging of Postoperative Recurrent Middle Ear Cholesteatomas: Value of Periodically Rotated Ov,18945795,1367,1.865671642,816,86%,2009,AMERICAN JOURNAL OF NEURORADIOLOGY
Intra-Arterial Recanalization Techniques for Patients 80 Years or Older with Acute Ischemic Stroke:,19342542,1394,1.865671642,816,86%,2009,AMERICAN JOURNAL OF NEURORADIOLOGY
Evaluation of electrode position in deep brain stimulation by image fusion (MRI and CT),26022355,5844,1.855670103,821,86%,2015,NEURORADIOLOGY
Patterns of neonatal hypoxic-ischaemic brain injury,20390260,5200,1.854974705,822,86%,2010,NEURORADIOLOGY
Applications of diffusion-weighted magnetic resonance imaging in head and neck squamous cell carcino,20631998,5210,1.854974705,822,86%,2010,NEURORADIOLOGY
In vivo hemodynamic analysis of intracranial aneurysms obtained by magnetic resonance fluid dynamics,20012431,5211,1.854974705,822,86%,2010,NEURORADIOLOGY
Neuroimaging findings in pediatric Wernicke encephalopathy: a review,19844698,5212,1.854974705,822,86%,2010,NEURORADIOLOGY
Congenital tumors of the central nervous system,9130087,5213,1.854974705,822,86%,2010,NEURORADIOLOGY
"Endovascular treatment of cranial dural arteriovenous fistulae: a single-centre, 14-year experience",19894041,5215,1.854974705,822,86%,2010,NEURORADIOLOGY
Functional Connectivity during Resting-State Functional MR Imaging: Study of the Correspondence betw,21998099,2289,1.85,828,86%,2012,AMERICAN JOURNAL OF NEURORADIOLOGY
Feasibility of Cerebral Blood Volume Mapping by Flat Panel Detector CT in the Angiography Suite: Fir,22207301,2323,1.85,828,86%,2012,AMERICAN JOURNAL OF NEURORADIOLOGY
High-resolution anatomy of the human brain stem using 7-T MRI: improved detection of inner structure,24357075,5720,1.848049281,830,86%,2014,NEURORADIOLOGY
Normal regional fractional anisotropy and apparent diffusion coefficient of the brain measured on a,18704391,5127,1.840490798,831,86%,2009,NEURORADIOLOGY
Onset and Progression of Pathologic Atrophy in Huntington Disease: A Longitudinal MR Imaging Study,20150305,1654,1.840056617,832,86%,2010,AMERICAN JOURNAL OF NEURORADIOLOGY
Changes in Perfusion CT of Advanced Squamous Cell Carcinoma of the Head and Neck Treated during the,19875475,1665,1.840056617,832,86%,2010,AMERICAN JOURNAL OF NEURORADIOLOGY
Cerebral Microbleeds on MR Imaging: Comparison between 1.5 and 7T,21546463,1965,1.84,834,86%,2011,AMERICAN JOURNAL OF NEURORADIOLOGY
CT Angiographic Source Images: Flow- or Volume-Weighted?,21051518,2003,1.84,834,86%,2011,AMERICAN JOURNAL OF NEURORADIOLOGY
Application of Chemical Exchange Saturation Transfer (CEST) MRI for Endogenous Contrast at 7 Tesla,23402307,4154,1.831501832,836,86%,2013,JOURNAL OF NEUROIMAGING
Histopathologic Evaluation of Arterial Wall Response to 5 Neurovascular Mechanical Thrombectomy Devi,23538407,2620,1.83,837,86%,2013,AMERICAN JOURNAL OF NEURORADIOLOGY
Coil Embolization versus Clipping for Ruptured Intracranial Aneurysms: A Meta-Analysis of Prospectiv,23578672,2633,1.83,837,86%,2013,AMERICAN JOURNAL OF NEURORADIOLOGY
Reconstructive Endovascular Treatment of Fusiform and Dissecting Basilar Trunk Aneurysms with Flow D,22918431,2635,1.83,837,86%,2013,AMERICAN JOURNAL OF NEURORADIOLOGY
Endovascular Repair of Traumatic Cervical Internal Carotid Artery Injuries: A Safe and Effective Tre,23221950,2656,1.83,837,86%,2013,AMERICAN JOURNAL OF NEURORADIOLOGY
Mechanical Thrombectomy in Acute Stroke: Prospective Pilot Trial of the Solitaire FR Device while Un,22821923,2672,1.83,837,86%,2013,AMERICAN JOURNAL OF NEURORADIOLOGY
Influence of Patient Age on Angioarchitecture of Brain Arteriovenous Malformations,24627452,2988,1.83,837,86%,2014,AMERICAN JOURNAL OF NEURORADIOLOGY
Long-Term White Matter Changes after Severe Traumatic Brain Injury: A 5-Year Prospective,23846796,2994,1.83,837,86%,2014,AMERICAN JOURNAL OF NEURORADIOLOGY
Ultra-High-Field MR Imaging in Polymicrogyria and Epilepsy,25258368,3317,1.828908555,844,86%,2015,AMERICAN JOURNAL OF NEURORADIOLOGY
Anterior Choroidal Artery Patency and Clinical Follow-Up after Coverage with the Pipeline Embolizati,25572948,3327,1.828908555,844,86%,2015,AMERICAN JOURNAL OF NEURORADIOLOGY
Dual Stenting Using Low-Profile LEO Baby Stents for the Endovascular Management of Challenging Intra,25234031,3328,1.828908555,844,86%,2015,AMERICAN JOURNAL OF NEURORADIOLOGY
Results of transvenous embolization of cavernous dural arteriovenous fistula: A single-center experi,17110671,411,1.825396825,847,86%,2006,AMERICAN JOURNAL OF NEURORADIOLOGY
Combinations of the presence or absence of cerebral microbleeds and advanced white matter hyperinten,16611773,419,1.825396825,847,86%,2006,AMERICAN JOURNAL OF NEURORADIOLOGY
Patient-specific computational fluid dynamics modeling of anterior communicating artery aneurysms: A,17110667,425,1.825396825,847,86%,2006,AMERICAN JOURNAL OF NEURORADIOLOGY
Cerebral ischemia after filter-protected carotid artery stenting is common and cannot be predicted b,17032852,436,1.825396825,847,86%,2006,AMERICAN JOURNAL OF NEURORADIOLOGY
Effects of dexamethasone on cerebral perfusion and water diffusion in patients with high-grade gliom,16484419,456,1.825396825,847,86%,2006,AMERICAN JOURNAL OF NEURORADIOLOGY
Intra-arterial thrombolysis for acute stroke in patients 80 and older: A comparison of results in pa,17213448,748,1.822157434,852,86%,2007,AMERICAN JOURNAL OF NEURORADIOLOGY
HydroCoil for endovascular aneurysm occlusion (HEAL) study: 3-6 month angiographic follow-up results,17213446,780,1.822157434,852,86%,2007,AMERICAN JOURNAL OF NEURORADIOLOGY
Use of self-expanding stents in distal small cerebral vessels,17353331,793,1.822157434,852,86%,2007,AMERICAN JOURNAL OF NEURORADIOLOGY
Characterization of carotid atherosclerosis and detection of soft plaque with use of black-blood MR,18296548,1061,1.812297735,855,86%,2008,AMERICAN JOURNAL OF NEURORADIOLOGY
The pathophysiology of idiopathic normal pressure hydrocephalus: Cerebral ischemia or altered venous,17925373,1063,1.812297735,855,86%,2008,AMERICAN JOURNAL OF NEURORADIOLOGY
Endovascular treatment of symptomatic intradural vertebral dissecting aneurysms,17928377,1064,1.812297735,855,86%,2008,AMERICAN JOURNAL OF NEURORADIOLOGY
Reduced frontal white matter volume in long-term childhood leukemia survivors: A voxel-based morphom,18184841,1071,1.812297735,855,86%,2008,AMERICAN JOURNAL OF NEURORADIOLOGY
Impact of a new metal artefact reduction algorithm in the noninvasive follow-up of intracranial clip,23588613,5570,1.80608365,859,86%,2013,NEURORADIOLOGY
Microstructural changes of the corticospinal tract in idiopathic normal pressure hydrocephalus: a co,23728069,5576,1.80608365,859,86%,2013,NEURORADIOLOGY
The development of regional functional connectivity in preterm infants into early childhood,23881450,5580,1.80608365,859,86%,2013,NEURORADIOLOGY
"Reversible posterior leukoencephalopathy, cerebral vasoconstriction, and strokes after intravenous i",15746232,3614,1.801801802,862,86%,2005,JOURNAL OF NEUROIMAGING